latitude,longitude,brightness,scan,track,acq_date,acq_time,satellite,instrument,confidence,version,bright_t31,frp,daynight
30.205,77.083,303.1,1.3,1.1,2021-01-04,0750,Aqua,MODIS,55,6.1NRT,291.5,5.6,D
30.207,77.096,302.8,1.3,1.1,2021-01-04,0750,Aqua,MODIS,54,6.1NRT,291.6,5.3,D
30.21,77.471,306,1.2,1.1,2021-01-04,0750,Aqua,MODIS,63,6.1NRT,293.6,5.7,D
30.112,76.912,302.4,1,1,2021-01-09,0810,Aqua,MODIS,52,6.1NRT,291.3,4,D
30.155,77.025,310.4,1,1,2021-01-09,0810,Aqua,MODIS,70,6.1NRT,291.3,9.6,D
28.452,77.347,303.6,1.1,1.1,2021-01-16,0815,Aqua,MODIS,57,6.1NRT,292.6,4.4,D
30.083,77.048,302,1,1,2021-01-18,0805,Aqua,MODIS,50,6.1NRT,289.7,4.2,D
30.331,77.033,303.6,1,1,2021-01-18,0805,Aqua,MODIS,56,6.1NRT,292.4,4.4,D
30.066,77.305,311.6,1,1,2021-01-18,0805,Aqua,MODIS,67,6.1NRT,287.2,9.8,D
29.912,77.2,303.1,1,1,2021-01-18,0805,Aqua,MODIS,55,6.1NRT,290.9,4.6,D
29.911,77.19,303.4,1,1,2021-01-18,0805,Aqua,MODIS,56,6.1NRT,290.6,4.9,D
28.01,77.248,304.8,1,1,2021-01-18,0805,Aqua,MODIS,60,6.1NRT,289.7,6.1,D
29.93,77.19,307.8,1.3,1.1,2021-01-20,0750,Aqua,MODIS,66,6.1NRT,290.7,11.5,D
30.278,77.058,304.9,1.3,1.1,2021-01-20,0750,Aqua,MODIS,60,6.1NRT,291.5,8.5,D
29.908,74.942,307.1,1.5,1.2,2021-01-21,0835,Aqua,MODIS,64,6.1NRT,296.3,9.5,D
29.901,74.952,309.2,1.5,1.2,2021-01-21,0835,Aqua,MODIS,68,6.1NRT,295.7,12.3,D
28.859,76.191,305.7,1.2,1.1,2021-01-23,0820,Aqua,MODIS,48,6.1NRT,290.3,7.4,D
28.858,76.184,307.8,1,1,2021-01-25,0810,Aqua,MODIS,59,6.1NRT,291.8,7,D
29.209,76.591,306.1,1,1,2021-01-26,0540,Terra,MODIS,63,6.1NRT,288.8,7.5,D
30.33,77.224,304.2,1.1,1,2021-01-27,0755,Aqua,MODIS,58,6.1NRT,291.6,6.1,D
29.912,74.948,302.5,1.8,1.3,2021-01-29,0610,Terra,MODIS,52,6.1NRT,291.4,10.2,D
29.908,74.954,302.9,1.8,1.3,2021-01-29,0610,Terra,MODIS,39,6.1NRT,291.5,9.8,D
29.905,74.944,306.6,1,1,2021-01-29,1710,Terra,MODIS,69,6.1NRT,278.7,11.3,N
29.906,74.955,312.5,1,1,2021-01-29,1710,Terra,MODIS,85,6.1NRT,280.8,15.4,N
30.351,77.036,300.9,1.5,1.2,2021-01-31,0555,Terra,MODIS,42,6.1NRT,288.9,7.9,D
28.985,76.125,308.5,1,1,2021-02-01,0815,Aqua,MODIS,24,6.1NRT,295.4,6,D
30.405,76.895,301.2,1.1,1,2021-02-02,0545,Terra,MODIS,45,6.1NRT,290.4,3.8,D
29.388,76.421,315.5,1,1,2021-02-02,0545,Terra,MODIS,76,6.1NRT,291.1,13.6,D
29.381,76.413,310.4,1,1,2021-02-02,0545,Terra,MODIS,70,6.1NRT,290.9,10.2,D
29.379,76.423,304.9,1,1,2021-02-02,0545,Terra,MODIS,60,6.1NRT,290.8,6.4,D
29.859,76.427,306.9,1,1,2021-02-02,0545,Terra,MODIS,64,6.1NRT,289.9,7.7,D
29.631,77.11,308.8,1.1,1,2021-02-02,0545,Terra,MODIS,68,6.1NRT,291.3,9.1,D
29.202,76.843,301.2,1.1,1,2021-02-02,0545,Terra,MODIS,46,6.1NRT,290.9,3.9,D
30.371,77.099,311.3,1,1,2021-02-03,0805,Aqua,MODIS,71,6.1NRT,290.9,10,D
29.282,76.975,304.2,1,1,2021-02-03,0805,Aqua,MODIS,43,6.1NRT,293,3.9,D
28.969,76.35,305.5,1.1,1,2021-02-04,0535,Terra,MODIS,61,6.1NRT,288.9,7,D
29.151,76.695,300.1,1,1,2021-02-04,0535,Terra,MODIS,25,6.1NRT,287.8,3.4,D
29.082,76.666,308.2,1,1,2021-02-04,0535,Terra,MODIS,67,6.1NRT,282.4,10.3,D
29.476,76.86,306.2,2.1,1.4,2021-02-07,0740,Aqua,MODIS,41,6.1NRT,293.2,16.8,D
29.476,76.853,307.3,2.1,1.4,2021-02-07,0740,Aqua,MODIS,57,6.1NRT,292.6,20.2,D
29.628,77.115,304.7,1.3,1.1,2021-02-08,0820,Aqua,MODIS,46,6.1NRT,294.6,6.2,D
29.63,77.106,307.6,1.3,1.1,2021-02-08,0820,Aqua,MODIS,62,6.1NRT,293.7,8.8,D
28.828,76.938,309.9,1.3,1.1,2021-02-08,0820,Aqua,MODIS,48,6.1NRT,298.6,7.6,D
28.826,76.925,330.4,1.3,1.1,2021-02-08,0820,Aqua,MODIS,85,6.1NRT,299.6,36.6,D
29.006,77.168,305.8,1,1,2021-02-10,0810,Aqua,MODIS,35,6.1NRT,295.8,3.3,D
30.166,77.035,305.4,1,1,2021-02-10,0810,Aqua,MODIS,56,6.1NRT,293.9,4.7,D
30.178,77.259,310.1,1,1,2021-02-10,0810,Aqua,MODIS,67,6.1NRT,296.2,6.9,D
29.851,77.15,317.1,1,1,2021-02-10,0810,Aqua,MODIS,76,6.1NRT,294.7,13.6,D
29.192,76.394,309.7,1,1,2021-02-10,0810,Aqua,MODIS,55,6.1NRT,294.9,6.8,D
29.148,76.669,312,1,1,2021-02-10,0810,Aqua,MODIS,61,6.1NRT,296.2,7.6,D
29.099,76.647,317.9,1,1,2021-02-10,0810,Aqua,MODIS,73,6.1NRT,295.7,12.9,D
29.101,76.657,309,1,1,2021-02-10,0810,Aqua,MODIS,54,6.1NRT,295.2,5.7,D
29.649,77.092,311.4,1,1,2021-02-10,0810,Aqua,MODIS,68,6.1NRT,294.4,8.7,D
29.087,76.442,310.5,1.2,1.1,2021-02-12,0755,Aqua,MODIS,61,6.1NRT,295.2,10.3,D
30.357,77.096,307.2,1.5,1.2,2021-02-16,0555,Terra,MODIS,63,6.1NRT,293.5,10.5,D
30.359,77.104,306.3,1.5,1.2,2021-02-16,0555,Terra,MODIS,62,6.1NRT,293.6,9.2,D
30.362,77.088,307.3,1.5,1.2,2021-02-16,0555,Terra,MODIS,64,6.1NRT,293.8,10,D
30.308,77.433,306.5,1.6,1.2,2021-02-16,0555,Terra,MODIS,63,6.1NRT,293.6,10.6,D
29.955,77.061,311.1,1.1,1.1,2021-02-17,0815,Aqua,MODIS,66,6.1NRT,296.6,8.5,D
29.95,77.055,312.3,1.1,1.1,2021-02-17,0815,Aqua,MODIS,68,6.1NRT,296.8,9.1,D
30.407,77.2,306.7,1.2,1.1,2021-02-17,0815,Aqua,MODIS,58,6.1NRT,296.3,4.9,D
30.27,77.386,306,1.2,1.1,2021-02-17,0815,Aqua,MODIS,54,6.1NRT,295.5,5,D
29.626,76.549,313.4,1.1,1,2021-02-17,0815,Aqua,MODIS,70,6.1NRT,296.3,10.9,D
29.568,76.746,316.6,1.1,1,2021-02-17,0815,Aqua,MODIS,74,6.1NRT,295.4,14.1,D
29.799,76.541,316.6,1.1,1,2021-02-17,0815,Aqua,MODIS,74,6.1NRT,296.5,13.9,D
29.8,76.552,333.9,1.1,1,2021-02-17,0815,Aqua,MODIS,88,6.1NRT,297.7,35.6,D
29.536,76.689,308.6,1.1,1,2021-02-17,0815,Aqua,MODIS,59,6.1NRT,296.7,6.8,D
30.019,77.025,315.8,1.1,1,2021-02-18,0545,Terra,MODIS,74,6.1NRT,294.5,13.3,D
30.4,77.237,304.9,1.1,1,2021-02-18,0545,Terra,MODIS,57,6.1NRT,293.3,4.6,D
28.777,76.396,307.5,1,1,2021-02-18,0545,Terra,MODIS,51,6.1NRT,292.9,6.4,D
30.02,77.014,316.2,1.1,1,2021-02-18,0545,Terra,MODIS,75,6.1NRT,294.1,13.8,D
29.489,77.132,312.5,1,1,2021-02-19,0805,Aqua,MODIS,68,6.1NRT,296.9,9,D
30.413,77.206,316.5,1,1,2021-02-19,0805,Aqua,MODIS,75,6.1NRT,295,12.1,D
29.935,77.151,309.4,1,1,2021-02-19,0805,Aqua,MODIS,63,6.1NRT,294.5,6.9,D
28.098,77.397,312.1,1,1,2021-02-19,0805,Aqua,MODIS,63,6.1NRT,296.2,8.6,D
29.487,77.122,313.2,1,1,2021-02-19,0805,Aqua,MODIS,69,6.1NRT,296.2,9.6,D
30.466,77.035,302.6,1,1,2021-02-20,0530,Terra,MODIS,41,6.1NRT,292,3.1,D
28.875,76.443,311.3,1.8,1.3,2021-02-23,0605,Terra,MODIS,59,6.1NRT,296,15.9,D
30.649,76.915,372.1,1.3,1.1,2021-02-24,0820,Aqua,MODIS,100,6.1NRT,307.7,177.2,D
30.651,76.929,334.1,1.3,1.1,2021-02-24,0820,Aqua,MODIS,87,6.1NRT,302.7,40.8,D
30.661,76.927,327.2,1.3,1.1,2021-02-24,0820,Aqua,MODIS,82,6.1NRT,303.2,26.1,D
30.659,76.914,374.5,1.3,1.1,2021-02-24,0820,Aqua,MODIS,100,6.1NRT,307.3,189,D
30.64,76.925,307.7,4.3,1.9,2021-02-24,1745,Terra,MODIS,59,6.1NRT,286,74.7,N
30.638,76.932,303,4.3,1.9,2021-02-24,1745,Terra,MODIS,51,6.1NRT,285.7,55.3,N
30.636,76.887,300.1,4.3,1.9,2021-02-24,1745,Terra,MODIS,13,6.1NRT,285.9,41.6,N
30.656,76.912,304,1.4,1.2,2021-02-24,2025,Aqua,MODIS,58,6.1NRT,285.1,13.2,N
29.811,77.183,312.7,1.3,1.1,2021-02-25,0550,Terra,MODIS,66,6.1NRT,299.2,10.9,D
28.921,75.866,317.6,1.1,1.1,2021-02-25,0550,Terra,MODIS,25,6.1NRT,300.1,8.4,D
30.643,76.908,317.7,1.2,1.1,2021-02-25,0550,Terra,MODIS,65,6.1NRT,301.8,11.2,D
30.645,76.896,326.4,1.2,1.1,2021-02-25,0550,Terra,MODIS,82,6.1NRT,301.4,22.5,D
30.427,77.124,312.5,1,1,2021-02-26,0810,Aqua,MODIS,60,6.1NRT,300.4,6.5,D
29.91,74.949,317.2,1,1,2021-02-26,0810,Aqua,MODIS,44,6.1NRT,304.7,8.5,D
29.061,76.706,319.4,1,1,2021-02-27,0540,Terra,MODIS,74,6.1NRT,297.5,13.8,D
29.908,74.945,308.2,1.1,1,2021-02-27,0540,Terra,MODIS,60,6.1NRT,296.8,6.5,D
29.906,74.944,313,2.3,1.5,2021-02-27,1640,Terra,MODIS,86,6.1NRT,285.6,47.9,N
29.911,74.955,308.1,1,1,2021-02-27,2100,Aqua,MODIS,73,6.1NRT,285.4,11.8,N
29.874,77.181,311.4,1.1,1,2021-02-28,0755,Aqua,MODIS,56,6.1NRT,298.9,6.7,D
30.288,77.176,310.1,1.2,1.1,2021-03-01,0525,Terra,MODIS,63,6.1NRT,296,8.2,D
28.211,77.372,307.9,1.1,1,2021-03-01,0525,Terra,MODIS,46,6.1NRT,295.7,6,D
29.904,74.954,310.3,1.8,1.3,2021-03-02,0610,Terra,MODIS,55,6.1NRT,298,14.8,D
30.254,77.378,309.7,1.5,1.2,2021-03-02,0745,Aqua,MODIS,63,6.1NRT,298.1,9.7,D
29.78,77.075,308.7,1.5,1.2,2021-03-04,0555,Terra,MODIS,58,6.1NRT,295.8,10.3,D
30.046,76.945,309.4,1.5,1.2,2021-03-04,0555,Terra,MODIS,60,6.1NRT,296.4,10.1,D
29.19,75.714,323.1,1,1,2021-03-05,0815,Aqua,MODIS,57,6.1NRT,310.5,11.6,D
30.644,76.925,320,4.1,1.9,2021-03-06,0720,Aqua,MODIS,79,6.1NRT,301.7,90.4,D
30.66,76.92,328.6,4.1,1.9,2021-03-06,0720,Aqua,MODIS,85,6.1NRT,302.3,157.1,D
30.001,76.939,319.6,1,1,2021-03-07,0805,Aqua,MODIS,67,6.1NRT,296.4,15.4,D
30.357,77.384,309.3,1,1,2021-03-08,0530,Terra,MODIS,60,6.1NRT,297.2,4.9,D
29.427,76.376,309.8,1.1,1,2021-03-08,0535,Terra,MODIS,61,6.1NRT,295.8,7.2,D
29.085,76.181,308.5,1.1,1,2021-03-08,0535,Terra,MODIS,41,6.1NRT,296.5,4.8,D
29.087,76.17,322.3,1.1,1,2021-03-08,0535,Terra,MODIS,77,6.1NRT,297.6,17.8,D
30.358,77.517,316.6,1.2,1.1,2021-03-09,0750,Aqua,MODIS,60,6.1NRT,302.5,9.2,D
30.48,77.143,311.7,1.9,1.4,2021-03-11,0740,Aqua,MODIS,63,6.1NRT,301.4,12.4,D
29.128,75.774,315.7,1.1,1.1,2021-03-13,0550,Terra,MODIS,67,6.1NRT,295.7,10.8,D
30.287,76.974,304.1,1.2,1.1,2021-03-13,0550,Terra,MODIS,39,6.1NRT,284.2,5.1,D
30.135,76.977,310.1,1,1,2021-03-15,0540,Terra,MODIS,56,6.1NRT,297.7,5,D
30.083,76.957,311.5,1,1,2021-03-15,0540,Terra,MODIS,60,6.1NRT,297.7,6.1,D
29.831,76.521,308.9,1.2,1.1,2021-03-16,0755,Aqua,MODIS,24,6.1NRT,296.9,5.4,D
29.159,77.108,313.2,1.6,1.2,2021-03-20,0555,Terra,MODIS,52,6.1NRT,300.9,11.7,D
29.835,76.27,322.7,1.4,1.2,2021-03-20,0555,Terra,MODIS,76,6.1NRT,300.1,25.1,D
30.608,76.912,321,1.1,1.1,2021-03-21,0815,Aqua,MODIS,78,6.1NRT,303.9,12.1,D
28.875,76.424,312.8,1,1,2021-03-22,0545,Terra,MODIS,39,6.1NRT,298.3,5.1,D
28.966,77.182,323.7,1.1,1,2021-03-22,0545,Terra,MODIS,79,6.1NRT,298.3,17.8,D
29.911,76.703,313.6,1.1,1,2021-03-24,0530,Terra,MODIS,59,6.1NRT,299.1,7.9,D
29.853,77.193,313.4,1,1,2021-03-24,0530,Terra,MODIS,53,6.1NRT,301.9,5.9,D
30.362,76.901,313.6,1,1,2021-03-24,0530,Terra,MODIS,58,6.1NRT,299.4,6,D
30.538,76.881,325.2,1.3,1.1,2021-03-28,0820,Aqua,MODIS,76,6.1NRT,304.2,20.4,D
28.693,76.733,320.4,1.2,1.1,2021-03-29,0550,Terra,MODIS,47,6.1NRT,306.5,10.3,D
30.454,77.26,325.9,1,1,2021-03-30,0810,Aqua,MODIS,71,6.1NRT,312.2,9,D
30.409,77.421,322.2,1,1,2021-03-31,0540,Terra,MODIS,71,6.1NRT,309.1,9.7,D
30.471,77.219,304.6,1.1,1.1,2021-04-03,1710,Terra,MODIS,43,6.1NRT,292.4,8.1,N
30.481,77.217,306.5,1.1,1.1,2021-04-03,1710,Terra,MODIS,67,6.1NRT,292.1,9.5,N
30.413,77.451,320.1,1.7,1.3,2021-04-04,0515,Terra,MODIS,68,6.1NRT,307.5,14.7,D
28.186,77.118,324.4,1.7,1.3,2021-04-05,0555,Terra,MODIS,67,6.1NRT,307,17.4,D
28.189,77.101,332.4,1.7,1.3,2021-04-05,0555,Terra,MODIS,80,6.1NRT,307.5,37.9,D
29.254,76.878,321.2,1.1,1,2021-04-06,0815,Aqua,MODIS,55,6.1NRT,307.3,7.2,D
29.643,77.053,320,1.1,1.1,2021-04-06,0815,Aqua,MODIS,65,6.1NRT,305.9,8.3,D
29.641,77.041,325.3,1.1,1.1,2021-04-06,0815,Aqua,MODIS,75,6.1NRT,307.5,14.7,D
29.271,76.868,368.5,1,1,2021-04-08,0805,Aqua,MODIS,100,6.1NRT,315.1,99.7,D
30.138,77.235,344.9,1,1,2021-04-08,0805,Aqua,MODIS,91,6.1NRT,312.2,38.9,D
30.147,77.233,342.5,1,1,2021-04-08,0805,Aqua,MODIS,89,6.1NRT,309.9,34.7,D
29.27,76.857,329.4,1,1,2021-04-08,0805,Aqua,MODIS,70,6.1NRT,313.2,13.8,D
29.792,75.521,325.5,1.1,1,2021-04-08,0805,Aqua,MODIS,65,6.1NRT,314.8,11.1,D
28.027,77.486,325.8,1,1,2021-04-09,0535,Terra,MODIS,41,6.1NRT,313.8,7.3,D
30.477,77.215,308.4,2,1.4,2021-04-09,1630,Terra,MODIS,74,6.1NRT,292.8,22.8,N
30.474,77.222,313.1,2,1.4,2021-04-09,1630,Terra,MODIS,86,6.1NRT,294,32.6,N
30.478,77.24,303.6,1.1,1,2021-04-09,2050,Aqua,MODIS,56,6.1NRT,290.7,7,N
29.167,77.086,331.1,1.3,1.1,2021-04-10,0750,Aqua,MODIS,72,6.1NRT,312.9,22.8,D
30.472,77.246,325.7,1.2,1.1,2021-04-10,0750,Aqua,MODIS,49,6.1NRT,313.8,10.4,D
29.169,77.1,347.2,1.3,1.1,2021-04-10,0750,Aqua,MODIS,91,6.1NRT,312.5,63.5,D
28.057,77.389,329.9,1.3,1.1,2021-04-11,0520,Terra,MODIS,61,6.1NRT,314.7,14.3,D
27.955,77.447,326.7,2.3,1.5,2021-04-12,0605,Terra,MODIS,57,6.1NRT,310.7,25,D
30.428,77.386,320.6,1.9,1.3,2021-04-12,0740,Aqua,MODIS,59,6.1NRT,304.6,15.4,D
30.425,77.4,325,1.9,1.3,2021-04-12,0740,Aqua,MODIS,70,6.1NRT,303.9,28.4,D
28.373,76.688,330.1,1.3,1.1,2021-04-14,0550,Terra,MODIS,67,6.1NRT,313.4,13,D
29.945,76.591,335.7,1.2,1.1,2021-04-14,0550,Terra,MODIS,73,6.1NRT,299.7,35.4,D
28.451,76.711,336.5,1.3,1.1,2021-04-14,0550,Terra,MODIS,79,6.1NRT,314.6,24.1,D
30.407,77.281,302.1,1.1,1,2021-04-14,1650,Terra,MODIS,44,6.1NRT,285.1,6,N
29.984,77.137,325.9,1,1,2021-04-15,0810,Aqua,MODIS,58,6.1NRT,310.5,7.8,D
29.702,76.762,335.1,1,1,2021-04-15,0810,Aqua,MODIS,79,6.1NRT,313.4,15.6,D
29.7,76.752,343.2,1,1,2021-04-15,0810,Aqua,MODIS,88,6.1NRT,314.4,28.8,D
28.82,76.614,330.5,1,1,2021-04-16,0540,Terra,MODIS,76,6.1NRT,309,12.3,D
30.434,77.361,326.5,1,1,2021-04-16,0540,Terra,MODIS,51,6.1NRT,309.3,10.8,D
28.851,76.852,323.6,1.2,1.1,2021-04-17,0755,Aqua,MODIS,56,6.1NRT,307.7,8.3,D
28.426,76.895,330.2,1.1,1.1,2021-04-18,0525,Terra,MODIS,67,6.1NRT,309.9,11.8,D
28.096,77.473,328,1.1,1,2021-04-18,0525,Terra,MODIS,51,6.1NRT,311.1,8.6,D
28.423,76.887,327.8,1.1,1.1,2021-04-18,0525,Terra,MODIS,45,6.1NRT,310.2,10.5,D
30.339,76.811,323.8,1.2,1.1,2021-04-18,0525,Terra,MODIS,58,6.1NRT,305,9.3,D
29.538,76.882,327.7,1.2,1.1,2021-04-18,0525,Terra,MODIS,67,6.1NRT,309.4,11,D
29.001,76.843,323.9,2.5,1.5,2021-04-19,0610,Terra,MODIS,55,6.1NRT,306.8,27,D
29.77,76.836,355.8,1.7,1.3,2021-04-19,0745,Aqua,MODIS,97,6.1NRT,313.1,123.3,D
28.316,76.645,334,1.8,1.3,2021-04-19,0745,Aqua,MODIS,72,6.1NRT,315.9,28.6,D
30.569,76.945,323.6,1.6,1.2,2021-04-19,0745,Aqua,MODIS,70,6.1NRT,309.4,13.4,D
28.3,76.688,332.6,1.8,1.3,2021-04-19,0745,Aqua,MODIS,69,6.1NRT,314.8,23.3,D
30.294,76.843,321.5,1.6,1.3,2021-04-19,0745,Aqua,MODIS,58,6.1NRT,307.5,10.7,D
29.774,76.853,377.3,1.7,1.3,2021-04-19,0745,Aqua,MODIS,100,6.1NRT,313.2,264.6,D
29.785,76.85,326.9,1.7,1.3,2021-04-19,0745,Aqua,MODIS,66,6.1NRT,310.6,17.1,D
29.783,76.845,333.7,1.7,1.3,2021-04-19,0745,Aqua,MODIS,79,6.1NRT,312.7,34,D
28.303,76.706,336.7,1.8,1.3,2021-04-19,0745,Aqua,MODIS,78,6.1NRT,315.5,39.5,D
28.093,77.5,328.7,1.6,1.3,2021-04-19,0745,Aqua,MODIS,53,6.1NRT,312.3,15.8,D
28.32,76.663,336,1.8,1.3,2021-04-19,0745,Aqua,MODIS,76,6.1NRT,314.5,35.5,D
29.174,76.842,320.2,2.8,1.6,2021-04-21,0730,Aqua,MODIS,61,6.1NRT,292.4,34.5,D
29.171,76.85,319.6,2.8,1.6,2021-04-21,0730,Aqua,MODIS,63,6.1NRT,294,34.8,D
29.301,76.203,300.9,1.1,1,2021-04-21,1655,Terra,MODIS,34,6.1NRT,288.2,5.4,N
28.438,76.626,334.1,1.1,1,2021-04-22,0815,Aqua,MODIS,68,6.1NRT,315.4,10.7,D
29.183,76.009,330.4,1,1,2021-04-22,0815,Aqua,MODIS,61,6.1NRT,312.5,9.3,D
28.274,76.842,336.8,1.1,1,2021-04-22,0815,Aqua,MODIS,74,6.1NRT,314.7,17.5,D
28.836,76.582,340.5,1.1,1,2021-04-22,0815,Aqua,MODIS,83,6.1NRT,309.2,29.1,D
28.437,76.616,348.5,1.1,1,2021-04-22,0815,Aqua,MODIS,90,6.1NRT,317.9,37.9,D
28.876,75.987,332.7,1,1,2021-04-22,0815,Aqua,MODIS,62,6.1NRT,316.4,10.3,D
28.294,77.27,324.1,1.1,1.1,2021-04-23,0545,Terra,MODIS,63,6.1NRT,303.5,7.9,D
29.772,75.148,325,3.8,1.8,2021-04-24,0625,Terra,MODIS,67,6.1NRT,312.4,52.8,D
29.046,76.99,327.4,1,1,2021-04-24,0805,Aqua,MODIS,53,6.1NRT,314.1,7.9,D
29.39,75.646,343.5,1.1,1,2021-04-24,0805,Aqua,MODIS,86,6.1NRT,319.9,30.5,D
29.414,76.012,333.6,1.1,1,2021-04-24,0805,Aqua,MODIS,70,6.1NRT,318.1,14.6,D
29.449,76.239,330.7,1.1,1,2021-04-24,0805,Aqua,MODIS,62,6.1NRT,317.6,10.2,D
29.272,76.287,337.2,1.1,1,2021-04-24,0805,Aqua,MODIS,57,6.1NRT,316.9,20.2,D
29.274,76.298,331,1.1,1,2021-04-24,0805,Aqua,MODIS,25,6.1NRT,317.2,11.2,D
29.275,76.309,338.2,1.1,1,2021-04-24,0805,Aqua,MODIS,79,6.1NRT,318.2,21.9,D
29.263,76.289,332.6,1.1,1,2021-04-24,0805,Aqua,MODIS,39,6.1NRT,317,12.1,D
29.266,76.311,360.8,1.1,1,2021-04-24,0805,Aqua,MODIS,100,6.1NRT,317.5,71.5,D
28.7,76.231,335.7,1.1,1,2021-04-24,0805,Aqua,MODIS,73,6.1NRT,317.3,16.5,D
28.635,76.244,344.2,1.1,1,2021-04-24,0805,Aqua,MODIS,86,6.1NRT,318.5,31.4,D
28.614,76.52,328.9,1.1,1,2021-04-24,0805,Aqua,MODIS,45,6.1NRT,316.1,8.3,D
28.908,77.051,327.8,1,1,2021-04-24,0805,Aqua,MODIS,56,6.1NRT,312.5,7.8,D
28.836,76.637,329.7,1,1,2021-04-24,0805,Aqua,MODIS,59,6.1NRT,314.5,10.4,D
28.509,76.492,329.9,1.1,1,2021-04-24,0805,Aqua,MODIS,52,6.1NRT,317.2,9.5,D
28.842,76.679,334.5,1,1,2021-04-24,0805,Aqua,MODIS,74,6.1NRT,316.4,17,D
28.84,76.787,330.9,1,1,2021-04-24,0805,Aqua,MODIS,65,6.1NRT,317.2,10.9,D
28.858,76.966,327.3,1,1,2021-04-24,0805,Aqua,MODIS,51,6.1NRT,314.2,6.4,D
28.775,76.486,334.6,1.1,1,2021-04-24,0805,Aqua,MODIS,73,6.1NRT,316.2,16.6,D
28.785,76.615,329.5,1,1,2021-04-24,0805,Aqua,MODIS,58,6.1NRT,313.4,10.2,D
28.789,76.749,338.6,1,1,2021-04-24,0805,Aqua,MODIS,80,6.1NRT,314.2,24.4,D
28.644,76.349,350.2,1.1,1,2021-04-24,0805,Aqua,MODIS,92,6.1NRT,318.7,44.2,D
28.633,76.34,331.8,1.1,1,2021-04-24,0805,Aqua,MODIS,63,6.1NRT,315,9.4,D
28.635,76.351,359.5,1.1,1,2021-04-24,0805,Aqua,MODIS,99,6.1NRT,316.6,68.4,D
28.612,76.861,331.8,1,1,2021-04-24,0805,Aqua,MODIS,66,6.1NRT,316.7,11.6,D
30.325,77.335,326.1,1,1,2021-04-24,0805,Aqua,MODIS,70,6.1NRT,309.1,9.4,D
30.097,77.287,331.6,1,1,2021-04-24,0805,Aqua,MODIS,77,6.1NRT,311.1,16.2,D
29.99,77.251,324.8,1,1,2021-04-24,0805,Aqua,MODIS,58,6.1NRT,311.5,6.5,D
29.669,76.401,331.5,1,1,2021-04-24,0805,Aqua,MODIS,68,6.1NRT,316,12.1,D
29.607,76.67,333,1,1,2021-04-24,0805,Aqua,MODIS,72,6.1NRT,316.6,13,D
29.603,76.703,330.4,1,1,2021-04-24,0805,Aqua,MODIS,66,6.1NRT,316.4,9.7,D
29.585,76.953,350.6,1,1,2021-04-24,0805,Aqua,MODIS,93,6.1NRT,318.4,45.5,D
29.357,77.09,332.3,1,1,2021-04-24,0805,Aqua,MODIS,72,6.1NRT,315.1,13.4,D
29.363,77.132,332.3,1,1,2021-04-24,0805,Aqua,MODIS,73,6.1NRT,314.6,15.5,D
29.298,76.879,328.4,1,1,2021-04-24,0805,Aqua,MODIS,59,6.1NRT,315.5,8.5,D
29.418,74.889,333.6,1.2,1.1,2021-04-24,0805,Aqua,MODIS,69,6.1NRT,317.9,16,D
29.936,74.528,326.4,1.2,1.1,2021-04-24,0805,Aqua,MODIS,45,6.1NRT,314.2,8.5,D
29.054,77.042,333.4,1,1,2021-04-24,0805,Aqua,MODIS,75,6.1NRT,317.2,15.4,D
29.084,77.057,330,1,1,2021-04-24,0805,Aqua,MODIS,67,6.1NRT,315,8.9,D
29.063,76.431,337.1,1.1,1,2021-04-24,0805,Aqua,MODIS,78,6.1NRT,315.4,21.9,D
29.054,76.432,382.8,1.1,1,2021-04-24,0805,Aqua,MODIS,100,6.1NRT,320.2,157.9,D
29.055,76.443,384.3,1,1,2021-04-24,0805,Aqua,MODIS,100,6.1NRT,318.1,164.4,D
28.854,76.894,302.1,2,1.4,2021-04-24,1725,Terra,MODIS,47,6.1NRT,290.6,13.8,N
29.213,76.724,304.9,1.9,1.4,2021-04-24,1725,Terra,MODIS,62,6.1NRT,287.5,20.8,N
29.729,75.172,336,1.2,1.1,2021-04-25,0530,Terra,MODIS,74,6.1NRT,319,18.3,D
30.456,76.904,326,1,1,2021-04-25,0530,Terra,MODIS,64,6.1NRT,310.3,9.7,D
30.399,76.921,324.8,1,1,2021-04-25,0530,Terra,MODIS,57,6.1NRT,311.2,7.4,D
30.197,77.249,327.3,1,1,2021-04-25,0530,Terra,MODIS,68,6.1NRT,313.1,9.1,D
30.23,76.746,328.3,1.1,1,2021-04-25,0530,Terra,MODIS,65,6.1NRT,311.9,11.3,D
30.144,77.104,325.8,1,1,2021-04-25,0530,Terra,MODIS,61,6.1NRT,312.7,7.9,D
30.117,77.038,325,1,1,2021-04-25,0530,Terra,MODIS,54,6.1NRT,311,8.3,D
30.041,77.316,332.3,1,1,2021-04-25,0530,Terra,MODIS,76,6.1NRT,312.7,16.5,D
29.948,77.057,326.2,1,1,2021-04-25,0530,Terra,MODIS,58,6.1NRT,310.8,9,D
29.925,76.894,328.4,1,1,2021-04-25,0530,Terra,MODIS,64,6.1NRT,312.4,10.9,D
29.781,77.133,325,1,1,2021-04-25,0530,Terra,MODIS,46,6.1NRT,311.6,7.1,D
29.731,76.422,331,1.1,1,2021-04-25,0530,Terra,MODIS,67,6.1NRT,315.4,12.5,D
29.531,76.876,328.5,1,1,2021-04-25,0530,Terra,MODIS,62,6.1NRT,314,9.8,D
29.448,77.017,332.1,1,1,2021-04-25,0530,Terra,MODIS,73,6.1NRT,314.7,13.1,D
29.302,76.391,328.7,1.1,1,2021-04-25,0530,Terra,MODIS,57,6.1NRT,315.2,8.2,D
28.26,77.211,330,1,1,2021-04-25,0530,Terra,MODIS,58,6.1NRT,316.1,8.1,D
27.918,77.349,332.9,1,1,2021-04-25,0530,Terra,MODIS,69,6.1NRT,316.6,12.9,D
28.603,76.743,329.1,1,1,2021-04-25,0530,Terra,MODIS,49,6.1NRT,315.3,8.5,D
29.175,76.929,330.6,1,1,2021-04-25,0530,Terra,MODIS,68,6.1NRT,313.2,12.8,D
29.165,76.531,328.4,1.1,1,2021-04-25,0530,Terra,MODIS,55,6.1NRT,315,8.4,D
29.036,76.601,330.9,1,1,2021-04-25,0530,Terra,MODIS,66,6.1NRT,314.8,11.7,D
28.838,76.77,329.7,1,1,2021-04-25,0530,Terra,MODIS,61,6.1NRT,316,9.2,D
28.812,76.69,328.7,1,1,2021-04-25,0530,Terra,MODIS,54,6.1NRT,314,9.6,D
28.81,76.701,328.5,1,1,2021-04-25,0530,Terra,MODIS,53,6.1NRT,314.2,9.1,D
28.758,76.61,337.6,1,1,2021-04-25,0530,Terra,MODIS,78,6.1NRT,316.7,21.3,D
28.749,76.609,348.2,1,1,2021-04-25,0530,Terra,MODIS,91,6.1NRT,316.1,42.3,D
28.748,76.619,340.2,1,1,2021-04-25,0530,Terra,MODIS,82,6.1NRT,314.2,26.6,D
28.704,76.605,332.4,1,1,2021-04-25,0530,Terra,MODIS,66,6.1NRT,315,14.6,D
29.962,76.334,331.9,1.1,1,2021-04-25,0530,Terra,MODIS,71,6.1NRT,315.4,12.8,D
29.649,75.912,333.6,1.1,1.1,2021-04-25,0530,Terra,MODIS,71,6.1NRT,317.8,14,D
29.646,75.935,340.4,1.1,1.1,2021-04-25,0530,Terra,MODIS,83,6.1NRT,318.7,25.3,D
29.613,76.073,330.4,1.1,1,2021-04-25,0530,Terra,MODIS,62,6.1NRT,316.6,10.1,D
29.482,76.294,335.1,1.1,1,2021-04-25,0530,Terra,MODIS,75,6.1NRT,315.6,18.4,D
29.372,76.519,327.9,2.9,1.6,2021-04-26,0615,Terra,MODIS,62,6.1NRT,310.8,42.4,D
28.678,76.565,333.6,3.1,1.7,2021-04-26,0615,Terra,MODIS,71,6.1NRT,312.4,77.5,D
29.285,77.121,326.5,3.2,1.7,2021-04-26,0615,Terra,MODIS,59,6.1NRT,310.7,50.6,D
28.679,76.558,331.9,3.1,1.7,2021-04-26,0615,Terra,MODIS,64,6.1NRT,312.6,67.7,D
29.238,77.061,326.8,3.2,1.7,2021-04-26,0615,Terra,MODIS,57,6.1NRT,310.3,48.6,D
29.236,77.065,326.8,3.2,1.7,2021-04-26,0615,Terra,MODIS,59,6.1NRT,310.4,50,D
29.288,77.115,324.8,3.2,1.7,2021-04-26,0615,Terra,MODIS,43,6.1NRT,310.7,40.2,D
29.506,76.759,329,3,1.7,2021-04-26,0615,Terra,MODIS,68,6.1NRT,313,47.9,D
28.72,76.512,330,3,1.7,2021-04-26,0615,Terra,MODIS,60,6.1NRT,312.9,54.4,D
28.904,76.877,326,3.2,1.7,2021-04-26,0615,Terra,MODIS,42,6.1NRT,309.9,42.8,D
29.549,76.702,333.4,1.4,1.2,2021-04-26,0750,Aqua,MODIS,70,6.1NRT,316.6,19.3,D
29.559,76.7,343.8,1.4,1.2,2021-04-26,0750,Aqua,MODIS,86,6.1NRT,317.9,44.6,D
29.557,76.686,338.2,1.4,1.2,2021-04-26,0750,Aqua,MODIS,79,6.1NRT,317.9,29.4,D
29.652,76.865,337.5,1.3,1.2,2021-04-26,0750,Aqua,MODIS,59,6.1NRT,318.2,23,D
29.645,76.717,334.4,1.4,1.2,2021-04-26,0750,Aqua,MODIS,70,6.1NRT,317.3,18.6,D
29.655,76.714,335.2,1.4,1.2,2021-04-26,0750,Aqua,MODIS,67,6.1NRT,319.7,20.4,D
29.754,77.1,332,1.3,1.1,2021-04-26,0750,Aqua,MODIS,70,6.1NRT,315.5,17.1,D
29.764,77.098,362.6,1.3,1.1,2021-04-26,0750,Aqua,MODIS,100,6.1NRT,320,107.4,D
30.558,76.927,331.5,1.3,1.1,2021-04-26,0750,Aqua,MODIS,77,6.1NRT,316.9,17.1,D
30.556,76.914,338.5,1.3,1.1,2021-04-26,0750,Aqua,MODIS,85,6.1NRT,318.2,32.1,D
28.939,76.167,331.2,1.5,1.2,2021-04-26,0750,Aqua,MODIS,52,6.1NRT,317.2,16.7,D
29.825,76.052,332.2,1.5,1.2,2021-04-26,0750,Aqua,MODIS,66,6.1NRT,317.4,17.2,D
29.822,76.037,348.2,1.5,1.2,2021-04-26,0750,Aqua,MODIS,91,6.1NRT,318.9,66.5,D
29.737,75.138,331.9,1.7,1.3,2021-04-26,0750,Aqua,MODIS,61,6.1NRT,316.3,19.4,D
29.024,76.581,331.6,1.4,1.2,2021-04-26,0750,Aqua,MODIS,60,6.1NRT,316.4,17.6,D
29.022,76.566,341.6,1.4,1.2,2021-04-26,0750,Aqua,MODIS,83,6.1NRT,316.9,43.7,D
29.071,76.318,330.4,1.5,1.2,2021-04-26,0750,Aqua,MODIS,48,6.1NRT,317,14.2,D
29.262,76.655,330,1.4,1.2,2021-04-26,0750,Aqua,MODIS,54,6.1NRT,315.7,15.5,D
29.286,76.545,340.5,1.4,1.2,2021-04-26,0750,Aqua,MODIS,82,6.1NRT,315.1,40.2,D
29.284,76.531,335.2,1.4,1.2,2021-04-26,0750,Aqua,MODIS,72,6.1NRT,315,25.8,D
29.26,76.276,335.1,1.5,1.2,2021-04-26,0750,Aqua,MODIS,71,6.1NRT,315,26.3,D
29.263,76.27,331.8,1.5,1.2,2021-04-26,0750,Aqua,MODIS,60,6.1NRT,315.2,19.3,D
29.361,76.447,331,1.4,1.2,2021-04-26,0750,Aqua,MODIS,53,6.1NRT,315.6,15.2,D
29.369,76.43,332,1.4,1.2,2021-04-26,0750,Aqua,MODIS,62,6.1NRT,316.4,17.6,D
29.432,76.727,331.5,1.4,1.2,2021-04-26,0750,Aqua,MODIS,22,6.1NRT,315.7,14.4,D
29.438,76.719,333.6,1.4,1.2,2021-04-26,0750,Aqua,MODIS,59,6.1NRT,316.9,19.2,D
29.471,76.726,336.5,1.4,1.2,2021-04-26,0750,Aqua,MODIS,72,6.1NRT,318.5,23.7,D
29.499,76.763,335.5,1.4,1.2,2021-04-26,0750,Aqua,MODIS,75,6.1NRT,319.3,22.9,D
29.466,77.047,331,1.3,1.1,2021-04-26,0750,Aqua,MODIS,65,6.1NRT,317.3,13.1,D
29.419,77.016,331.5,1.3,1.1,2021-04-26,0750,Aqua,MODIS,67,6.1NRT,317.7,14.6,D
29.307,76.963,340.1,1.3,1.2,2021-04-26,0750,Aqua,MODIS,82,6.1NRT,314.9,36.9,D
29.285,77.129,330.5,1.3,1.1,2021-04-26,0750,Aqua,MODIS,63,6.1NRT,317.8,13.3,D
29.249,76.983,332.2,1.3,1.2,2021-04-26,0750,Aqua,MODIS,67,6.1NRT,315.6,17.1,D
29.251,76.996,344.1,1.3,1.1,2021-04-26,0750,Aqua,MODIS,87,6.1NRT,315.8,45.9,D
29.23,77.057,330.1,1.3,1.1,2021-04-26,0750,Aqua,MODIS,60,6.1NRT,317,13.7,D
29.497,76.749,341.1,1.4,1.2,2021-04-26,0750,Aqua,MODIS,83,6.1NRT,320.2,35.3,D
28.785,76.861,329.5,1.4,1.2,2021-04-26,0750,Aqua,MODIS,42,6.1NRT,314.9,12.2,D
29.719,75.793,331.2,1.6,1.2,2021-04-26,0750,Aqua,MODIS,61,6.1NRT,317.4,16.6,D
30.235,76.728,332.7,1.3,1.1,2021-04-26,0750,Aqua,MODIS,74,6.1NRT,318,18.4,D
30.305,77.555,331.3,1.2,1.1,2021-04-26,0750,Aqua,MODIS,76,6.1NRT,319.3,15.2,D
30.276,77.445,333.2,1.2,1.1,2021-04-26,0750,Aqua,MODIS,78,6.1NRT,318.4,19.1,D
29.653,75.743,333.3,1.6,1.2,2021-04-26,0750,Aqua,MODIS,68,6.1NRT,317.1,22.8,D
29.7,76.204,331.3,1.5,1.2,2021-04-26,0750,Aqua,MODIS,62,6.1NRT,316.3,18.4,D
29.925,76.269,332,1.4,1.2,2021-04-26,0750,Aqua,MODIS,67,6.1NRT,319.2,14,D
29.762,77.084,348,1.3,1.1,2021-04-26,0750,Aqua,MODIS,91,6.1NRT,318.9,54.9,D
29.587,76.979,330.9,1.3,1.1,2021-04-26,0750,Aqua,MODIS,63,6.1NRT,317.7,13.9,D
28.553,76.66,331.5,1.4,1.2,2021-04-26,0750,Aqua,MODIS,55,6.1NRT,316.3,17.4,D
30.177,77.342,330.4,1.2,1.1,2021-04-26,0750,Aqua,MODIS,72,6.1NRT,316.4,13.5,D
28.607,76.505,332.6,1.5,1.2,2021-04-26,0750,Aqua,MODIS,56,6.1NRT,317.8,15.2,D
28.604,76.49,358,1.5,1.2,2021-04-26,0750,Aqua,MODIS,98,6.1NRT,318.7,102.4,D
28.615,76.488,366.7,1.5,1.2,2021-04-26,0750,Aqua,MODIS,100,6.1NRT,320.4,146.7,D
28.66,76.615,330.9,1.5,1.2,2021-04-26,0750,Aqua,MODIS,50,6.1NRT,316.8,16.4,D
28.701,76.507,351.3,1.5,1.2,2021-04-26,0750,Aqua,MODIS,93,6.1NRT,319.4,72.9,D
28.711,76.504,340.8,1.5,1.2,2021-04-26,0750,Aqua,MODIS,81,6.1NRT,321.4,37.5,D
28.709,76.49,334.4,1.5,1.2,2021-04-26,0750,Aqua,MODIS,57,6.1NRT,320.4,20.5,D
28.788,76.875,336.6,1.4,1.2,2021-04-26,0750,Aqua,MODIS,75,6.1NRT,316.4,27.8,D
29.229,76.652,302.4,1.2,1.1,2021-04-26,1715,Terra,MODIS,49,6.1NRT,290.5,6.7,N
28.809,76.368,306.1,1.2,1.1,2021-04-26,1715,Terra,MODIS,67,6.1NRT,293.7,8.2,N
29.769,76.438,329,1.5,1.2,2021-04-27,0520,Terra,MODIS,60,6.1NRT,314.5,13.1,D
28.949,76.331,335.5,1.5,1.2,2021-04-27,0520,Terra,MODIS,74,6.1NRT,315.4,27.9,D
28.727,76.769,330.1,1.4,1.2,2021-04-27,0520,Terra,MODIS,52,6.1NRT,315,12.8,D
28.926,76.997,329.7,1.4,1.2,2021-04-27,0520,Terra,MODIS,59,6.1NRT,313.2,14.1,D
28.74,76.367,334.1,1.5,1.2,2021-04-27,0520,Terra,MODIS,68,6.1NRT,318.3,19.7,D
28.738,76.382,338.7,1.5,1.2,2021-04-27,0520,Terra,MODIS,78,6.1NRT,317.6,31.9,D
28.699,76.596,333.2,1.4,1.2,2021-04-27,0520,Terra,MODIS,38,6.1NRT,315.6,20.2,D
28.68,76.579,332.1,1.4,1.2,2021-04-27,0520,Terra,MODIS,47,6.1NRT,315,15.8,D
28.601,76.472,332.5,1.5,1.2,2021-04-27,0520,Terra,MODIS,60,6.1NRT,318.8,16.6,D
29.59,76.093,328.7,1.6,1.2,2021-04-27,0520,Terra,MODIS,56,6.1NRT,312.5,13.9,D
29.68,77.134,328.9,1.4,1.2,2021-04-27,0520,Terra,MODIS,61,6.1NRT,312.2,14,D
29.476,76.703,331.2,1.5,1.2,2021-04-27,0520,Terra,MODIS,67,6.1NRT,315.6,15.4,D
30.229,76.837,335.5,1.5,1.2,2021-04-27,0520,Terra,MODIS,78,6.1NRT,313.6,32.8,D
28.371,76.693,334.2,1.4,1.2,2021-04-27,0520,Terra,MODIS,67,6.1NRT,319.9,15.4,D
28.369,76.707,333.9,1.4,1.2,2021-04-27,0520,Terra,MODIS,66,6.1NRT,319.5,14.8,D
29.296,77.11,330.2,1.4,1.2,2021-04-27,0520,Terra,MODIS,65,6.1NRT,314.1,14.1,D
29.029,76.953,342.5,1.4,1.2,2021-04-27,0520,Terra,MODIS,86,6.1NRT,313.4,44.5,D
29.452,76.423,330.2,1.5,1.2,2021-04-27,0520,Terra,MODIS,63,6.1NRT,314,16.7,D
29.288,76.843,331.6,1.4,1.2,2021-04-27,0520,Terra,MODIS,68,6.1NRT,314.2,18,D
29.384,76.516,331.1,1.5,1.2,2021-04-27,0520,Terra,MODIS,58,6.1NRT,313.6,15,D
29.776,75.731,330.9,1.7,1.3,2021-04-27,0520,Terra,MODIS,67,6.1NRT,315.1,17,D
29.32,77.121,329,2.1,1.4,2021-04-27,0835,Aqua,MODIS,64,6.1NRT,311.8,26,D
29.856,75.131,330.6,1.6,1.2,2021-04-27,0835,Aqua,MODIS,51,6.1NRT,314.1,14.7,D
28.495,76.617,332.7,1.9,1.3,2021-04-27,0835,Aqua,MODIS,58,6.1NRT,316.8,20.5,D
28.493,76.597,335.9,1.9,1.3,2021-04-27,0835,Aqua,MODIS,73,6.1NRT,317.5,31.6,D
28.507,76.615,332.9,1.9,1.3,2021-04-27,0835,Aqua,MODIS,36,6.1NRT,316.2,19.7,D
28.505,76.596,346.5,1.9,1.3,2021-04-27,0835,Aqua,MODIS,88,6.1NRT,318.3,76.6,D
29.488,76.422,329.9,1.9,1.3,2021-04-27,0835,Aqua,MODIS,63,6.1NRT,312.9,23,D
29.5,76.539,329.9,1.9,1.4,2021-04-27,0835,Aqua,MODIS,64,6.1NRT,313,22.1,D
29.42,76.536,331.2,1.9,1.4,2021-04-27,0835,Aqua,MODIS,44,6.1NRT,311.8,23.8,D
29.401,76.864,329.5,2,1.4,2021-04-27,0835,Aqua,MODIS,61,6.1NRT,311.9,23.2,D
29.326,76.755,326.5,2,1.4,2021-04-27,0835,Aqua,MODIS,42,6.1NRT,309.8,16.8,D
29.215,76.303,332.2,1.8,1.3,2021-04-27,0835,Aqua,MODIS,66,6.1NRT,313.3,27.6,D
29.504,74.711,333,1.5,1.2,2021-04-27,0835,Aqua,MODIS,62,6.1NRT,315.2,18.2,D
29.146,76.51,331.9,1.9,1.3,2021-04-27,0835,Aqua,MODIS,67,6.1NRT,313.2,28.6,D
29.148,76.529,329.6,1.9,1.3,2021-04-27,0835,Aqua,MODIS,58,6.1NRT,312.3,20.5,D
28.999,76.324,334.4,1.8,1.3,2021-04-27,0835,Aqua,MODIS,71,6.1NRT,313.4,34,D
28.829,76.614,332.8,1.9,1.3,2021-04-27,0835,Aqua,MODIS,66,6.1NRT,314.4,29.7,D
28.743,76.79,336.9,2,1.4,2021-04-27,0835,Aqua,MODIS,77,6.1NRT,313.2,51.4,D
28.687,76.599,338,1.9,1.3,2021-04-27,0835,Aqua,MODIS,78,6.1NRT,314.3,48.7,D
29.574,76.768,328.6,2,1.4,2021-04-27,0835,Aqua,MODIS,55,6.1NRT,312,19.6,D
29.572,76.748,329.8,2,1.4,2021-04-27,0835,Aqua,MODIS,66,6.1NRT,312.4,23.4,D
29.573,76.625,333.6,2,1.4,2021-04-27,0835,Aqua,MODIS,74,6.1NRT,312.6,34.6,D
29.684,76.564,329.1,1.9,1.4,2021-04-27,0835,Aqua,MODIS,63,6.1NRT,313,20.3,D
29.65,75.863,341.7,1.7,1.3,2021-04-27,0835,Aqua,MODIS,84,6.1NRT,313.2,55.3,D
29.648,75.845,334.9,1.7,1.3,2021-04-27,0835,Aqua,MODIS,74,6.1NRT,313.9,31.2,D
29.645,75.858,342.1,1.7,1.3,2021-04-27,0835,Aqua,MODIS,85,6.1NRT,313.7,57.7,D
29.778,76.878,330,2,1.4,2021-04-27,0835,Aqua,MODIS,67,6.1NRT,313.4,26.7,D
30.206,76.73,339.1,2,1.4,2021-04-27,0835,Aqua,MODIS,83,6.1NRT,315.3,63.6,D
30.201,76.717,329.8,2,1.4,2021-04-27,0835,Aqua,MODIS,66,6.1NRT,314.8,24.9,D
30.203,76.738,334.9,2,1.4,2021-04-27,0835,Aqua,MODIS,77,6.1NRT,314,46.1,D
28.656,76.526,337.1,1.9,1.3,2021-04-27,0835,Aqua,MODIS,56,6.1NRT,315.3,34.2,D
28.63,76.51,334.4,1.9,1.3,2021-04-27,0835,Aqua,MODIS,55,6.1NRT,313.9,27.4,D
28.625,76.516,333.1,1.9,1.3,2021-04-27,0835,Aqua,MODIS,36,6.1NRT,314,21.9,D
29.449,77.115,339.4,2.1,1.4,2021-04-27,0835,Aqua,MODIS,83,6.1NRT,312.2,70.8,D
29.451,77.136,328.4,2.1,1.4,2021-04-27,0835,Aqua,MODIS,62,6.1NRT,311.6,25.6,D
29.321,77.113,327.5,2.1,1.4,2021-04-27,0835,Aqua,MODIS,57,6.1NRT,311.8,20.8,D
30.229,77.126,333.7,1.9,1.3,2021-04-28,0600,Terra,MODIS,79,6.1NRT,312.8,39.6,D
29.922,76.437,334.4,1.7,1.3,2021-04-28,0600,Terra,MODIS,76,6.1NRT,312.4,32.2,D
30.218,76.898,326.1,1.8,1.3,2021-04-28,0600,Terra,MODIS,42,6.1NRT,310,19.5,D
29.717,76.642,331.6,1.8,1.3,2021-04-28,0600,Terra,MODIS,71,6.1NRT,313.1,25.4,D
29.78,75.892,338,1.6,1.3,2021-04-28,0605,Terra,MODIS,81,6.1NRT,313,35.2,D
29.758,75.886,333.8,1.6,1.3,2021-04-28,0605,Terra,MODIS,69,6.1NRT,314.7,22.6,D
29.756,75.711,333.2,1.6,1.2,2021-04-28,0605,Terra,MODIS,74,6.1NRT,314.4,22.5,D
29.826,75.214,334.8,1.5,1.2,2021-04-28,0605,Terra,MODIS,76,6.1NRT,315.5,23.1,D
29.807,74.646,333.5,1.4,1.2,2021-04-28,0605,Terra,MODIS,72,6.1NRT,316,17.6,D
29.596,76.429,332.3,1.8,1.3,2021-04-28,0605,Terra,MODIS,72,6.1NRT,313.9,23.4,D
29.629,75.093,330.3,1.5,1.2,2021-04-28,0605,Terra,MODIS,62,6.1NRT,313.6,14.1,D
28.68,76.767,329.9,2,1.4,2021-04-28,0605,Terra,MODIS,60,6.1NRT,312.5,23.7,D
29.596,76.618,330.7,1.8,1.3,2021-04-28,0605,Terra,MODIS,68,6.1NRT,313,21.9,D
29.563,76.726,335.9,1.9,1.3,2021-04-28,0605,Terra,MODIS,79,6.1NRT,311.2,39.7,D
29.596,76.78,331.2,1.9,1.3,2021-04-28,0605,Terra,MODIS,70,6.1NRT,311.4,22.5,D
29.682,75.982,333.2,1.6,1.3,2021-04-28,0605,Terra,MODIS,74,6.1NRT,314.2,23.3,D
29.446,76.536,339.7,1.8,1.3,2021-04-28,0605,Terra,MODIS,83,6.1NRT,313.6,52.5,D
29.961,74.861,338.6,1.4,1.2,2021-04-28,0605,Terra,MODIS,82,6.1NRT,314.7,32.2,D
28.701,76.565,329.6,1.9,1.3,2021-04-28,0605,Terra,MODIS,53,6.1NRT,311.3,17.8,D
28.705,76.546,332.3,1.9,1.3,2021-04-28,0605,Terra,MODIS,66,6.1NRT,313.3,26,D
28.727,76.493,330.8,1.9,1.3,2021-04-28,0605,Terra,MODIS,60,6.1NRT,313.5,19.7,D
29.439,76.528,334.8,1.8,1.3,2021-04-28,0605,Terra,MODIS,63,6.1NRT,314.7,31.1,D
29.436,76.546,335.7,1.8,1.3,2021-04-28,0605,Terra,MODIS,70,6.1NRT,313.9,33.8,D
29.431,76.507,331.7,1.8,1.3,2021-04-28,0605,Terra,MODIS,63,6.1NRT,313.7,21.4,D
29.18,76.527,335.4,1.8,1.3,2021-04-28,0605,Terra,MODIS,77,6.1NRT,312.9,36.8,D
28.833,76.59,332.7,1.9,1.3,2021-04-28,0605,Terra,MODIS,70,6.1NRT,312.8,31.8,D
29.603,76.775,331,1.9,1.3,2021-04-28,0605,Terra,MODIS,56,6.1NRT,311.5,21.5,D
28.732,76.501,329.6,1.9,1.3,2021-04-28,0605,Terra,MODIS,57,6.1NRT,312.8,16.8,D
28.709,76.554,333.2,1.9,1.3,2021-04-28,0605,Terra,MODIS,58,6.1NRT,312.8,26.6,D
28.644,76.312,333.6,1.8,1.3,2021-04-28,0605,Terra,MODIS,67,6.1NRT,316.2,26.1,D
29.784,75.876,340.3,1.6,1.3,2021-04-28,0605,Terra,MODIS,84,6.1NRT,314.3,42.8,D
28.913,76.203,334.1,2.4,1.5,2021-04-28,0740,Aqua,MODIS,73,6.1NRT,315,46.8,D
28.555,76.727,333.5,2.3,1.5,2021-04-28,0740,Aqua,MODIS,71,6.1NRT,314.1,41,D
29.553,76.724,329,2.2,1.4,2021-04-28,0740,Aqua,MODIS,63,6.1NRT,311.3,22.4,D
29.634,76.928,331.4,2.1,1.4,2021-04-28,0740,Aqua,MODIS,72,6.1NRT,311.3,34.8,D
29.598,76.619,331.3,2.2,1.4,2021-04-28,0740,Aqua,MODIS,71,6.1NRT,312.4,30.5,D
29.735,76.307,332.7,2.3,1.5,2021-04-28,0740,Aqua,MODIS,73,6.1NRT,310.8,45,D
29.512,75.161,330.7,2.8,1.6,2021-04-28,0740,Aqua,MODIS,66,6.1NRT,312.7,41.6,D
29.732,76.303,330.4,2.3,1.5,2021-04-28,0740,Aqua,MODIS,69,6.1NRT,310.7,34.6,D
29.733,76.179,328.4,2.3,1.5,2021-04-28,0740,Aqua,MODIS,63,6.1NRT,307.7,32.3,D
29.699,75.75,331,2.5,1.5,2021-04-28,0740,Aqua,MODIS,69,6.1NRT,308.7,39.8,D
29.706,75.741,332.2,2.5,1.5,2021-04-28,0740,Aqua,MODIS,73,6.1NRT,310.7,43.9,D
29.284,76.129,335.1,2.4,1.5,2021-04-28,0740,Aqua,MODIS,76,6.1NRT,312.4,54,D
29.17,76.544,329.3,2.3,1.5,2021-04-28,0740,Aqua,MODIS,48,6.1NRT,311.6,22.8,D
29.084,76.196,330.3,2.4,1.5,2021-04-28,0740,Aqua,MODIS,64,6.1NRT,313.5,32.6,D
29.112,76.519,331,2.3,1.5,2021-04-28,0740,Aqua,MODIS,66,6.1NRT,313,30.5,D
29.099,76.522,333,2.3,1.5,2021-04-28,0740,Aqua,MODIS,72,6.1NRT,311.6,38.4,D
29.104,76.545,334.1,2.3,1.5,2021-04-28,0740,Aqua,MODIS,74,6.1NRT,311.6,44,D
29.077,76.605,328.4,2.3,1.5,2021-04-28,0740,Aqua,MODIS,47,6.1NRT,311.1,24.5,D
29.032,76.713,329.8,2.2,1.5,2021-04-28,0740,Aqua,MODIS,63,6.1NRT,311.3,32.4,D
28.908,76.178,331.2,2.5,1.5,2021-04-28,0740,Aqua,MODIS,65,6.1NRT,313.5,32.4,D
28.967,76.465,333.4,2.3,1.5,2021-04-28,0740,Aqua,MODIS,72,6.1NRT,313.8,46.6,D
28.803,76.57,330.8,2.3,1.5,2021-04-28,0740,Aqua,MODIS,60,6.1NRT,313.9,28.5,D
29.76,75.839,346.3,2.5,1.5,2021-04-28,0740,Aqua,MODIS,90,6.1NRT,310,128,D
29.755,75.814,333.7,2.5,1.5,2021-04-28,0740,Aqua,MODIS,75,6.1NRT,310.2,51.2,D
30.219,76.595,330.2,2.1,1.4,2021-04-28,0740,Aqua,MODIS,74,6.1NRT,310.8,29.7,D
29.921,76.436,330.9,2.2,1.4,2021-04-28,0740,Aqua,MODIS,72,6.1NRT,309.3,34.5,D
29.773,75.854,330.8,2.5,1.5,2021-04-28,0740,Aqua,MODIS,70,6.1NRT,310.1,34.5,D
29.767,75.83,357.4,2.5,1.5,2021-04-28,0740,Aqua,MODIS,98,6.1NRT,311.9,222.8,D
29.762,75.805,330.4,2.5,1.5,2021-04-28,0740,Aqua,MODIS,69,6.1NRT,310.8,36.3,D
29.08,76.954,331.4,2.2,1.4,2021-04-28,0740,Aqua,MODIS,69,6.1NRT,312.1,34.4,D
29.189,76.286,305,1,1,2021-04-28,1700,Terra,MODIS,62,6.1NRT,294.4,4.7,N
29.58,76.7,304.9,1,1,2021-04-28,1700,Terra,MODIS,62,6.1NRT,293.2,4.7,N
29.69,76.632,303,1,1,2021-04-28,1700,Terra,MODIS,53,6.1NRT,290.6,4.3,N
29.468,74.64,311.3,1.1,1,2021-04-28,1700,Terra,MODIS,82,6.1NRT,294,10.7,N
29.784,75.94,302.1,1,1,2021-04-28,1700,Terra,MODIS,46,6.1NRT,285.5,5.1,N
29.153,76.487,311.8,1,1,2021-04-28,1700,Terra,MODIS,83,6.1NRT,294.4,8.7,N
29.162,76.485,304.7,1,1,2021-04-28,1700,Terra,MODIS,49,6.1NRT,294.5,3.9,N
29.829,76.191,327.4,2.6,1.5,2021-04-29,0505,Terra,MODIS,67,6.1NRT,308.3,28.2,D
29.49,76.604,329,2.4,1.5,2021-04-29,0505,Terra,MODIS,71,6.1NRT,308.6,27,D
29.711,76.099,327.6,2.6,1.5,2021-04-29,0505,Terra,MODIS,67,6.1NRT,307.8,31.2,D
29.681,76.638,330.3,2.4,1.5,2021-04-29,0505,Terra,MODIS,74,6.1NRT,308.5,35.2,D
29.686,76.631,330.5,2.4,1.5,2021-04-29,0505,Terra,MODIS,74,6.1NRT,308.5,37,D
29.494,76.597,333.6,2.4,1.5,2021-04-29,0505,Terra,MODIS,78,6.1NRT,309,51.9,D
29.492,76.58,331.5,2.4,1.5,2021-04-29,0505,Terra,MODIS,75,6.1NRT,309.1,39.9,D
29.261,76.257,328.7,2.5,1.5,2021-04-29,0505,Terra,MODIS,68,6.1NRT,308.3,35.7,D
29.025,76.902,327.9,2.2,1.4,2021-04-29,0510,Terra,MODIS,65,6.1NRT,308.5,26.8,D
28.807,76.742,327,2.3,1.5,2021-04-29,0510,Terra,MODIS,59,6.1NRT,308.5,23.8,D
28.805,76.765,327.4,2.3,1.5,2021-04-29,0510,Terra,MODIS,61,6.1NRT,308.9,24.8,D
29.025,76.919,329,2.2,1.4,2021-04-29,0510,Terra,MODIS,67,6.1NRT,308.4,32.2,D
29.059,76.67,326.2,2.3,1.5,2021-04-29,0510,Terra,MODIS,58,6.1NRT,307.5,25.4,D
27.98,77.425,330.6,2,1.4,2021-04-29,0510,Terra,MODIS,66,6.1NRT,312,26.4,D
28.94,76.425,327.9,2.4,1.5,2021-04-29,0510,Terra,MODIS,62,6.1NRT,307.2,30.1,D
29.642,75.628,353.5,1.1,1.1,2021-04-29,0820,Aqua,MODIS,95,6.1NRT,318.7,53.1,D
29.643,75.639,355,1.1,1.1,2021-04-29,0820,Aqua,MODIS,96,6.1NRT,317.9,57.7,D
29.77,76.69,332.4,1.3,1.1,2021-04-29,0820,Aqua,MODIS,69,6.1NRT,314.4,10.9,D
29.683,76.041,333.3,1.2,1.1,2021-04-29,0820,Aqua,MODIS,35,6.1NRT,306.4,19.7,D
29.639,75.842,340.5,1.2,1.1,2021-04-29,0820,Aqua,MODIS,65,6.1NRT,316.5,24.4,D
29.641,75.854,346.3,1.2,1.1,2021-04-29,0820,Aqua,MODIS,88,6.1NRT,317.2,37.1,D
29.731,76.617,336.3,1.3,1.1,2021-04-29,0820,Aqua,MODIS,77,6.1NRT,316.6,17.9,D
28.884,77.02,328.1,1.3,1.1,2021-04-29,0820,Aqua,MODIS,51,6.1NRT,308.9,9.1,D
28.791,76.829,340.8,1.3,1.1,2021-04-29,0820,Aqua,MODIS,83,6.1NRT,315.9,29.6,D
28.782,76.843,341.5,1.3,1.1,2021-04-29,0820,Aqua,MODIS,84,6.1NRT,316,31.9,D
29.734,76.807,337.7,1.3,1.1,2021-04-29,0820,Aqua,MODIS,79,6.1NRT,315,20.8,D
29.707,76.838,333.5,1.3,1.1,2021-04-29,0820,Aqua,MODIS,72,6.1NRT,315,15.1,D
29.708,76.852,330.9,1.3,1.1,2021-04-29,0820,Aqua,MODIS,64,6.1NRT,311.8,10.3,D
29.576,75.906,341.6,1.2,1.1,2021-04-29,0820,Aqua,MODIS,68,6.1NRT,316.7,28.2,D
29.577,75.918,348.5,1.2,1.1,2021-04-29,0820,Aqua,MODIS,79,6.1NRT,315.5,46.9,D
29.665,76.659,353.1,1.3,1.1,2021-04-29,0820,Aqua,MODIS,95,6.1NRT,314.6,64.4,D
29.666,76.751,335.9,1.3,1.1,2021-04-29,0820,Aqua,MODIS,76,6.1NRT,316.3,18.1,D
29.627,76.685,336.9,1.3,1.1,2021-04-29,0820,Aqua,MODIS,24,6.1NRT,317.2,16.9,D
29.517,75.862,336,1.1,1.1,2021-04-29,0820,Aqua,MODIS,72,6.1NRT,318.2,14.8,D
29.597,76.957,334.4,1.3,1.1,2021-04-29,0820,Aqua,MODIS,75,6.1NRT,311.9,19.6,D
29.541,76.555,333.7,1.2,1.1,2021-04-29,0820,Aqua,MODIS,70,6.1NRT,316.1,13.7,D
28.792,76.842,349.2,1.3,1.1,2021-04-29,0820,Aqua,MODIS,92,6.1NRT,315,52.4,D
28.906,76.343,333.8,1.2,1.1,2021-04-29,0820,Aqua,MODIS,65,6.1NRT,317,13.1,D
28.91,76.293,337.2,1.2,1.1,2021-04-29,0820,Aqua,MODIS,77,6.1NRT,318.3,17.7,D
28.927,76.193,351.7,1.2,1.1,2021-04-29,0820,Aqua,MODIS,93,6.1NRT,321.7,49.7,D
28.966,76.433,346.6,1.2,1.1,2021-04-29,0820,Aqua,MODIS,89,6.1NRT,313.3,42.1,D
28.965,76.421,338.2,1.2,1.1,2021-04-29,0820,Aqua,MODIS,72,6.1NRT,317,21.8,D
28.989,76.202,335.3,1.2,1.1,2021-04-29,0820,Aqua,MODIS,72,6.1NRT,317.4,12.9,D
28.988,76.19,346.7,1.2,1.1,2021-04-29,0820,Aqua,MODIS,89,6.1NRT,319.9,39.1,D
29.08,76.702,333.1,1.2,1.1,2021-04-29,0820,Aqua,MODIS,70,6.1NRT,316.3,15.2,D
29.023,76.16,353,1.2,1.1,2021-04-29,0820,Aqua,MODIS,95,6.1NRT,320.5,50.2,D
29.028,76.165,338.7,1.2,1.1,2021-04-29,0820,Aqua,MODIS,75,6.1NRT,320,18.7,D
29.038,76.163,348.7,1.2,1.1,2021-04-29,0820,Aqua,MODIS,91,6.1NRT,321.1,40.3,D
29.168,76.838,330.7,1.3,1.1,2021-04-29,0820,Aqua,MODIS,62,6.1NRT,311.6,10.2,D
29.126,76.484,334.3,1.2,1.1,2021-04-29,0820,Aqua,MODIS,54,6.1NRT,316.1,14.7,D
29.146,76.226,339.2,1.2,1.1,2021-04-29,0820,Aqua,MODIS,80,6.1NRT,318,22.8,D
29.831,76.594,333.6,1.3,1.1,2021-04-29,0820,Aqua,MODIS,71,6.1NRT,313.5,14.9,D
29.858,76.656,350.9,1.3,1.1,2021-04-29,0820,Aqua,MODIS,93,6.1NRT,314.3,62,D
30.443,76.881,334.3,1.3,1.1,2021-04-29,0820,Aqua,MODIS,78,6.1NRT,315.7,17.8,D
29.115,76.906,333.2,1.3,1.1,2021-04-29,0820,Aqua,MODIS,36,6.1NRT,314.7,13.7,D
29.353,77.121,335.7,1.3,1.1,2021-04-29,0820,Aqua,MODIS,78,6.1NRT,312.5,23.7,D
29.122,76.535,340.9,1.2,1.1,2021-04-29,0820,Aqua,MODIS,83,6.1NRT,317.7,26,D
29.808,75.905,360.6,1.2,1.1,2021-04-29,0820,Aqua,MODIS,100,6.1NRT,320,76.3,D
29.76,75.602,338,1.1,1.1,2021-04-29,0820,Aqua,MODIS,76,6.1NRT,317.3,16.2,D
29.118,76.932,335.2,1.3,1.1,2021-04-29,0820,Aqua,MODIS,44,6.1NRT,316.4,17.5,D
29.105,76.908,337.2,1.3,1.1,2021-04-29,0820,Aqua,MODIS,60,6.1NRT,313.4,20.9,D
29.58,74.776,336.9,1.1,1,2021-04-29,0820,Aqua,MODIS,74,6.1NRT,317.3,13.4,D
29.836,75.126,343.6,1.1,1,2021-04-29,0820,Aqua,MODIS,85,6.1NRT,317.9,29.3,D
29.456,76.522,360.9,1.2,1.1,2021-04-29,0820,Aqua,MODIS,100,6.1NRT,318.3,87.2,D
28.593,76.455,354.3,1.2,1.1,2021-04-29,0820,Aqua,MODIS,95,6.1NRT,318.4,57.8,D
28.591,76.442,349.1,1.2,1.1,2021-04-29,0820,Aqua,MODIS,91,6.1NRT,317.9,42.4,D
29.507,76.527,335.2,1.2,1.1,2021-04-29,0820,Aqua,MODIS,74,6.1NRT,314.4,15.3,D
29.832,76.607,333.6,1.3,1.1,2021-04-29,0820,Aqua,MODIS,70,6.1NRT,314,15.3,D
29.714,75.775,342.2,1.1,1.1,2021-04-29,0820,Aqua,MODIS,83,6.1NRT,317,28.5,D
29.614,75.183,338.4,1.1,1,2021-04-29,0820,Aqua,MODIS,77,6.1NRT,315.5,19.6,D
29.616,75.194,348.5,1.1,1,2021-04-29,0820,Aqua,MODIS,90,6.1NRT,316.3,40.1,D
28.546,76.649,345.6,1.2,1.1,2021-04-29,0820,Aqua,MODIS,88,6.1NRT,318.6,38,D
28.548,76.661,335.2,1.2,1.1,2021-04-29,0820,Aqua,MODIS,62,6.1NRT,317.6,14.4,D
29.442,74.708,344,1,1,2021-04-29,0820,Aqua,MODIS,85,6.1NRT,318.1,26.5,D
29.252,76.78,334,1.3,1.1,2021-04-29,0820,Aqua,MODIS,65,6.1NRT,315,13.7,D
29.195,76.145,341.7,1.2,1.1,2021-04-29,0820,Aqua,MODIS,83,6.1NRT,318.5,24.5,D
29.194,76.133,337.5,1.2,1.1,2021-04-29,0820,Aqua,MODIS,76,6.1NRT,318.9,15.5,D
29.225,76.194,332.9,1.2,1.1,2021-04-29,0820,Aqua,MODIS,23,6.1NRT,313.6,10.6,D
29.366,76.453,334.3,1.2,1.1,2021-04-29,0820,Aqua,MODIS,71,6.1NRT,314.2,14.1,D
29.379,76.035,334.8,1.2,1.1,2021-04-29,0820,Aqua,MODIS,69,6.1NRT,314.5,12.4,D
29.458,76.534,342.2,1.2,1.1,2021-04-29,0820,Aqua,MODIS,83,6.1NRT,314.7,30.7,D
29.085,76.897,302.6,1.4,1.2,2021-04-29,2025,Aqua,MODIS,23,6.1NRT,291,7.4,N
29.088,76.892,304.1,1.4,1.2,2021-04-29,2025,Aqua,MODIS,58,6.1NRT,291.3,9.1,N
29.317,76.522,332.2,1.2,1.1,2021-04-30,0550,Terra,MODIS,74,6.1NRT,310.4,15.1,D
29.906,74.87,341,1,1,2021-04-30,0550,Terra,MODIS,86,6.1NRT,315,23.6,D
30.623,77.09,337.9,1.2,1.1,2021-04-30,0550,Terra,MODIS,85,6.1NRT,309.4,32.6,D
30.621,77.102,326.3,1.2,1.1,2021-04-30,0550,Terra,MODIS,57,6.1NRT,309.9,11.6,D
30.613,77.088,328.4,1.2,1.1,2021-04-30,0550,Terra,MODIS,74,6.1NRT,309.2,14.8,D
30.363,76.677,328.2,1.2,1.1,2021-04-30,0550,Terra,MODIS,59,6.1NRT,308.3,13.3,D
30.295,76.643,341.4,1.2,1.1,2021-04-30,0550,Terra,MODIS,86,6.1NRT,309.5,34.8,D
30.293,76.655,331,1.2,1.1,2021-04-30,0550,Terra,MODIS,73,6.1NRT,309.7,14.1,D
30.286,76.641,334.5,1.2,1.1,2021-04-30,0550,Terra,MODIS,79,6.1NRT,309.6,21,D
30.27,76.675,328.9,1.2,1.1,2021-04-30,0550,Terra,MODIS,69,6.1NRT,309.7,11.7,D
30.257,76.635,335.8,1.2,1.1,2021-04-30,0550,Terra,MODIS,80,6.1NRT,310.6,23.2,D
30.173,76.76,323.9,1.2,1.1,2021-04-30,0550,Terra,MODIS,46,6.1NRT,306,9.9,D
30.003,77.155,322.9,1.3,1.1,2021-04-30,0550,Terra,MODIS,54,6.1NRT,305.9,9.6,D
29.925,77.185,324,1.3,1.1,2021-04-30,0550,Terra,MODIS,55,6.1NRT,305.2,12.5,D
29.946,76.578,328.6,1.2,1.1,2021-04-30,0550,Terra,MODIS,67,6.1NRT,309.1,11.8,D
29.081,76.886,326.9,1.3,1.1,2021-04-30,0550,Terra,MODIS,62,6.1NRT,308.8,10.7,D
29.126,76.922,325.4,1.3,1.1,2021-04-30,0550,Terra,MODIS,55,6.1NRT,307.3,8.6,D
29.475,77.105,328.3,1.3,1.1,2021-04-30,0550,Terra,MODIS,69,6.1NRT,306.7,15.1,D
29.488,76.484,336.4,1.2,1.1,2021-04-30,0550,Terra,MODIS,82,6.1NRT,309,24.8,D
29.5,76.002,331.6,1.1,1.1,2021-04-30,0550,Terra,MODIS,73,6.1NRT,310.4,12.3,D
29.498,76.014,334.3,1.1,1.1,2021-04-30,0550,Terra,MODIS,78,6.1NRT,311.7,16.6,D
29.413,75.645,332.6,1.1,1,2021-04-30,0550,Terra,MODIS,71,6.1NRT,311.4,12.6,D
29.189,76.55,335.8,1.2,1.1,2021-04-30,0550,Terra,MODIS,79,6.1NRT,308.4,23.1,D
29.183,76.587,334.3,1.2,1.1,2021-04-30,0550,Terra,MODIS,77,6.1NRT,308.4,19.4,D
29.181,76.599,329.1,1.2,1.1,2021-04-30,0550,Terra,MODIS,59,6.1NRT,308.3,11.1,D
29.219,76.078,340.2,1.1,1.1,2021-04-30,0550,Terra,MODIS,84,6.1NRT,309.4,29.6,D
29.21,76.076,329.5,1.1,1.1,2021-04-30,0550,Terra,MODIS,64,6.1NRT,309.4,10.5,D
29.112,76.515,329.7,1.2,1.1,2021-04-30,0550,Terra,MODIS,66,6.1NRT,309.8,10.8,D
29.09,76.472,331.7,1.2,1.1,2021-04-30,0550,Terra,MODIS,71,6.1NRT,309.9,14.9,D
29.157,76.011,328.1,1.1,1.1,2021-04-30,0550,Terra,MODIS,54,6.1NRT,309.1,9.3,D
29.099,76.239,327.2,1.2,1.1,2021-04-30,0550,Terra,MODIS,39,6.1NRT,307.4,7.7,D
29.044,76.431,331.6,1.2,1.1,2021-04-30,0550,Terra,MODIS,62,6.1NRT,310.4,13.1,D
29.04,76.455,333,1.2,1.1,2021-04-30,0550,Terra,MODIS,67,6.1NRT,310.1,15.7,D
28.986,76.775,327.4,1.2,1.1,2021-04-30,0550,Terra,MODIS,58,6.1NRT,309.6,11.2,D
29.034,76.429,331.5,1.2,1.1,2021-04-30,0550,Terra,MODIS,61,6.1NRT,310.2,12.5,D
28.976,76.772,337.3,1.2,1.1,2021-04-30,0550,Terra,MODIS,81,6.1NRT,308.5,29.4,D
29.045,76.185,338.2,1.2,1.1,2021-04-30,0550,Terra,MODIS,80,6.1NRT,310.6,24.4,D
28.849,76.856,327.9,1.3,1.1,2021-04-30,0550,Terra,MODIS,59,6.1NRT,309.8,10.4,D
28.965,75.993,338,1.1,1.1,2021-04-30,0550,Terra,MODIS,79,6.1NRT,310.8,24.1,D
28.963,76.005,346,1.1,1.1,2021-04-30,0550,Terra,MODIS,89,6.1NRT,311.1,41.8,D
28.842,76.659,328.1,1.2,1.1,2021-04-30,0550,Terra,MODIS,57,6.1NRT,308.6,10.8,D
28.92,76.061,342.9,1.2,1.1,2021-04-30,0550,Terra,MODIS,85,6.1NRT,311.3,34.7,D
28.715,76.492,332.3,1.2,1.1,2021-04-30,0550,Terra,MODIS,68,6.1NRT,311.8,14.4,D
28.672,76.508,330.4,1.2,1.1,2021-04-30,0550,Terra,MODIS,62,6.1NRT,311.4,11.7,D
28.672,76.501,331.9,1.2,1.1,2021-04-30,0550,Terra,MODIS,62,6.1NRT,311,13.2,D
29.81,76.339,328.9,1.2,1.1,2021-04-30,0550,Terra,MODIS,66,6.1NRT,309.5,11.3,D
29.801,75.979,356.9,1.1,1.1,2021-04-30,0550,Terra,MODIS,98,6.1NRT,315.3,64.4,D
29.8,75.99,334.5,1.1,1.1,2021-04-30,0550,Terra,MODIS,77,6.1NRT,313.2,13.9,D
29.796,75.954,342.9,1.1,1.1,2021-04-30,0550,Terra,MODIS,87,6.1NRT,314.1,28.1,D
29.794,75.965,344.8,1.1,1.1,2021-04-30,0550,Terra,MODIS,89,6.1NRT,313.6,32.5,D
29.792,75.977,347.7,1.1,1.1,2021-04-30,0550,Terra,MODIS,91,6.1NRT,313.6,39.2,D
29.79,75.988,348.7,1.1,1.1,2021-04-30,0550,Terra,MODIS,92,6.1NRT,313.3,42.9,D
29.787,75.952,350.9,1.1,1.1,2021-04-30,0550,Terra,MODIS,94,6.1NRT,313,46.8,D
29.785,75.963,341.7,1.1,1.1,2021-04-30,0550,Terra,MODIS,86,6.1NRT,313.5,26,D
29.78,75.957,335.5,1.1,1.1,2021-04-30,0550,Terra,MODIS,79,6.1NRT,312.3,15.5,D
29.796,75.797,332.9,1.1,1,2021-04-30,0550,Terra,MODIS,76,6.1NRT,312.6,13.2,D
28.558,76.63,327.7,1.2,1.1,2021-04-30,0550,Terra,MODIS,47,6.1NRT,308.7,8.7,D
29.477,77.092,325.5,1.3,1.1,2021-04-30,0550,Terra,MODIS,61,6.1NRT,306.6,10.3,D
29.784,76.865,326.6,1.2,1.1,2021-04-30,0550,Terra,MODIS,61,6.1NRT,307.5,11,D
29.791,76.651,327.3,1.2,1.1,2021-04-30,0550,Terra,MODIS,62,6.1NRT,309,9.6,D
29.789,76.663,329.8,1.2,1.1,2021-04-30,0550,Terra,MODIS,69,6.1NRT,308.7,13.4,D
29.772,76.76,326.9,1.2,1.1,2021-04-30,0550,Terra,MODIS,62,6.1NRT,308.6,9.8,D
29.77,76.773,326.8,1.2,1.1,2021-04-30,0550,Terra,MODIS,61,6.1NRT,308,9.8,D
29.657,76.831,333.2,1.2,1.1,2021-04-30,0550,Terra,MODIS,76,6.1NRT,309.5,19.9,D
29.6,76.684,329,1.2,1.1,2021-04-30,0550,Terra,MODIS,69,6.1NRT,309.1,12.1,D
29.514,77.12,325.9,1.3,1.1,2021-04-30,0550,Terra,MODIS,62,6.1NRT,306.6,10.9,D
29.536,76.753,339.7,1.2,1.1,2021-04-30,0550,Terra,MODIS,85,6.1NRT,308.3,33.2,D
29.521,76.485,332,1.2,1.1,2021-04-30,0550,Terra,MODIS,76,6.1NRT,308.1,15,D
29.59,75.927,328.5,1.1,1.1,2021-04-30,0550,Terra,MODIS,66,6.1NRT,307.1,9.7,D
30.077,76.344,331,1.1,1.1,2021-04-30,0550,Terra,MODIS,71,6.1NRT,310.8,12.4,D
29.963,76.24,330.4,1.1,1.1,2021-04-30,0550,Terra,MODIS,70,6.1NRT,310.8,11.2,D
29.849,76.306,330.6,1.2,1.1,2021-04-30,0550,Terra,MODIS,70,6.1NRT,310.2,13,D
28.518,76.864,328.9,1.3,1.1,2021-04-30,0550,Terra,MODIS,50,6.1NRT,309.3,11.2,D
28.529,76.859,332.9,1.3,1.1,2021-04-30,0550,Terra,MODIS,72,6.1NRT,310.2,17.1,D
29.565,74.69,333.3,1,1,2021-04-30,0550,Terra,MODIS,73,6.1NRT,313.6,9.5,D
29.574,74.692,347.9,1,1,2021-04-30,0550,Terra,MODIS,91,6.1NRT,317.3,35.3,D
29.872,74.674,341.2,1,1,2021-04-30,0550,Terra,MODIS,87,6.1NRT,315.5,22.4,D
30.282,76.637,326.6,3.4,1.7,2021-04-30,0725,Aqua,MODIS,76,6.1NRT,305.3,48.1,D
30.265,76.683,324.6,3.4,1.7,2021-04-30,0725,Aqua,MODIS,63,6.1NRT,303.5,40.1,D
29.706,76.275,327.5,3.8,1.8,2021-04-30,0725,Aqua,MODIS,61,6.1NRT,302.6,79.4,D
30.244,76.707,300.2,1.1,1.1,2021-04-30,1650,Terra,MODIS,10,6.1NRT,280.9,3.8,N
30.18,76.733,307,1.1,1.1,2021-04-30,1650,Terra,MODIS,41,6.1NRT,288.5,8.3,N
30.174,76.728,320.3,1.1,1.1,2021-04-30,1650,Terra,MODIS,100,6.1NRT,288.7,20.5,N
30.176,76.74,305,1.1,1.1,2021-04-30,1650,Terra,MODIS,22,6.1NRT,283.8,6,N
29.934,76.255,308.7,1.2,1.1,2021-04-30,1650,Terra,MODIS,74,6.1NRT,290.4,10.1,N
28.703,76.842,307.2,1.2,1.1,2021-04-30,1650,Terra,MODIS,39,6.1NRT,287,10.1,N
29.925,76.257,306.1,1.2,1.1,2021-04-30,1650,Terra,MODIS,44,6.1NRT,290.1,6.9,N
29.932,76.243,304.5,1.2,1.1,2021-04-30,1650,Terra,MODIS,31,6.1NRT,290.5,6.4,N
29.785,76.607,302.7,1.2,1.1,2021-04-30,1650,Terra,MODIS,49,6.1NRT,290.3,4.4,N
29.716,76.671,305.4,1.2,1.1,2021-04-30,1650,Terra,MODIS,64,6.1NRT,292,6.5,N
29.581,76.553,302,1.2,1.1,2021-04-30,1650,Terra,MODIS,26,6.1NRT,288.3,5,N
29.55,76.609,303,1.2,1.1,2021-04-30,1650,Terra,MODIS,53,6.1NRT,291.9,4.9,N
29.787,76.6,303.9,1.2,1.1,2021-04-30,1650,Terra,MODIS,57,6.1NRT,290.8,5.7,N
29.726,75.724,325.6,4.5,2,2021-05-01,0455,Terra,MODIS,77,6.1NRT,302.2,67.3,D
29.815,76.063,326.5,4.3,1.9,2021-05-01,0455,Terra,MODIS,77,6.1NRT,301.8,71.5,D
29.055,76.259,321,4.1,1.9,2021-05-01,0455,Terra,MODIS,43,6.1NRT,296.1,49.6,D
29.812,76.057,325.5,4.3,1.9,2021-05-01,0455,Terra,MODIS,72,6.1NRT,301.6,63.2,D
29.751,76.776,337.4,1,1,2021-05-01,0810,Aqua,MODIS,81,6.1NRT,315.1,14.9,D
29.794,76.677,336.5,1,1,2021-05-01,0810,Aqua,MODIS,69,6.1NRT,313.7,13.1,D
29.891,76.527,341.9,1,1,2021-05-01,0810,Aqua,MODIS,86,6.1NRT,316.1,22.2,D
29.916,76.306,338.3,1,1,2021-05-01,0810,Aqua,MODIS,82,6.1NRT,315.4,16.2,D
30.161,76.605,322.9,1,1,2021-05-01,0810,Aqua,MODIS,39,6.1NRT,294.4,8,D
30.231,76.65,358.5,1,1,2021-05-01,0810,Aqua,MODIS,99,6.1NRT,300.6,69.9,D
29.681,75.765,339,1,1,2021-05-01,0810,Aqua,MODIS,75,6.1NRT,314.9,17.1,D
29.817,76.069,338.5,1,1,2021-05-01,0810,Aqua,MODIS,80,6.1NRT,315.7,16.7,D
29.814,76.238,335.5,1,1,2021-05-01,0810,Aqua,MODIS,59,6.1NRT,314,12.6,D
29.748,76.036,334.8,1,1,2021-05-01,0810,Aqua,MODIS,74,6.1NRT,315.7,9.1,D
29.739,76.038,337.1,1,1,2021-05-01,0810,Aqua,MODIS,78,6.1NRT,317.4,12.6,D
29.74,76.111,337,1,1,2021-05-01,0810,Aqua,MODIS,56,6.1NRT,315.6,13.1,D
29.731,76.238,333.4,1,1,2021-05-01,0810,Aqua,MODIS,66,6.1NRT,313.3,9.9,D
29.762,76.985,333.8,1,1,2021-05-01,0810,Aqua,MODIS,78,6.1NRT,311.5,12.7,D
29.733,76.248,336.5,1,1,2021-05-01,0810,Aqua,MODIS,79,6.1NRT,313.9,14.5,D
29.693,76.162,351.5,1,1,2021-05-01,0810,Aqua,MODIS,78,6.1NRT,316.2,44.1,D
29.673,76.162,340.4,1,1,2021-05-01,0810,Aqua,MODIS,84,6.1NRT,316.8,18.3,D
29.661,76.269,338.5,1,1,2021-05-01,0810,Aqua,MODIS,82,6.1NRT,316.7,16,D
29.178,76.95,334.8,1,1,2021-05-01,0810,Aqua,MODIS,80,6.1NRT,314.2,13.5,D
29.224,76.952,333.6,1,1,2021-05-01,0810,Aqua,MODIS,71,6.1NRT,310.8,13.8,D
29.418,76.562,335.9,1,1,2021-05-01,0810,Aqua,MODIS,79,6.1NRT,316.4,10.3,D
29.845,75.14,339.4,1,1,2021-05-01,0810,Aqua,MODIS,80,6.1NRT,318,16.7,D
29.733,75.006,334.8,1,1,2021-05-01,0810,Aqua,MODIS,69,6.1NRT,317.1,9.9,D
29.333,77.136,354.8,1,1,2021-05-01,0810,Aqua,MODIS,97,6.1NRT,316.7,50.4,D
29.574,74.64,335.1,1.1,1,2021-05-01,0810,Aqua,MODIS,68,6.1NRT,317.8,10.1,D
29.479,74.621,343.9,1.1,1,2021-05-01,0810,Aqua,MODIS,74,6.1NRT,315.4,28.2,D
29.481,74.632,342.5,1.1,1,2021-05-01,0810,Aqua,MODIS,63,6.1NRT,313.9,26.9,D
29.331,77.126,335.1,1,1,2021-05-01,0810,Aqua,MODIS,80,6.1NRT,315.7,12,D
29.67,75.199,337.2,1,1,2021-05-01,0810,Aqua,MODIS,75,6.1NRT,317.7,14.5,D
29.533,75.271,348.6,1,1,2021-05-01,0810,Aqua,MODIS,91,6.1NRT,318.3,35.3,D
29.651,76.843,343.9,1,1,2021-05-01,0810,Aqua,MODIS,89,6.1NRT,316.6,24,D
29.472,77.077,333.3,1,1,2021-05-01,0810,Aqua,MODIS,76,6.1NRT,313,11.5,D
29.475,77.098,335,1,1,2021-05-01,0810,Aqua,MODIS,80,6.1NRT,312.8,15,D
29.466,77.1,336.7,1,1,2021-05-01,0810,Aqua,MODIS,82,6.1NRT,311.6,18.2,D
29.412,76.846,337,1,1,2021-05-01,0810,Aqua,MODIS,66,6.1NRT,313.7,16.6,D
29.46,75.964,338.3,1,1,2021-05-01,0810,Aqua,MODIS,75,6.1NRT,312.5,18.1,D
29.107,76.129,330.3,1,1,2021-05-01,0810,Aqua,MODIS,23,6.1NRT,305.5,18.5,D
29.059,76.561,334.7,1,1,2021-05-01,0810,Aqua,MODIS,65,6.1NRT,306.9,18.8,D
29.379,76.744,339.9,1,1,2021-05-01,0810,Aqua,MODIS,84,6.1NRT,316.1,20.2,D
29.386,76.464,333.3,1,1,2021-05-01,0810,Aqua,MODIS,74,6.1NRT,313.7,9.5,D
29.844,75.13,346.4,1,1,2021-05-01,0810,Aqua,MODIS,89,6.1NRT,317.4,29.7,D
29.439,76.58,335.8,1,1,2021-05-01,0810,Aqua,MODIS,67,6.1NRT,313.3,9.7,D
29.448,76.578,336.7,1,1,2021-05-01,0810,Aqua,MODIS,80,6.1NRT,314,12.3,D
29.451,76.535,339.5,1,1,2021-05-01,0810,Aqua,MODIS,83,6.1NRT,315.6,15.7,D
29.369,77.071,337.5,1,1,2021-05-01,0810,Aqua,MODIS,83,6.1NRT,313.4,18,D
29.18,77.097,335.6,1,1,2021-05-01,0810,Aqua,MODIS,81,6.1NRT,310.4,16.4,D
29.448,76.515,334.8,1,1,2021-05-01,0810,Aqua,MODIS,65,6.1NRT,315,9.5,D
29.507,76.478,335.2,1,1,2021-05-01,0810,Aqua,MODIS,75,6.1NRT,314.9,12.3,D
29.506,76.467,331.6,1,1,2021-05-01,0810,Aqua,MODIS,54,6.1NRT,312.5,7.5,D
29.501,76.437,334.5,1,1,2021-05-01,0810,Aqua,MODIS,67,6.1NRT,313.3,13.4,D
29.516,76.476,336.2,1,1,2021-05-01,0810,Aqua,MODIS,79,6.1NRT,314.4,13.3,D
29.514,76.466,333.5,1,1,2021-05-01,0810,Aqua,MODIS,65,6.1NRT,311.8,9.4,D
29.565,76.697,334.2,1,1,2021-05-01,0810,Aqua,MODIS,72,6.1NRT,313.9,9.3,D
29.562,76.471,335.6,1,1,2021-05-01,0810,Aqua,MODIS,79,6.1NRT,314.7,12.6,D
29.592,76.549,340.8,1,1,2021-05-01,0810,Aqua,MODIS,85,6.1NRT,314.6,21.4,D
29.59,76.539,339.3,1,1,2021-05-01,0810,Aqua,MODIS,84,6.1NRT,314.9,18.1,D
29.604,76.505,337,1,1,2021-05-01,0810,Aqua,MODIS,81,6.1NRT,315.3,14.4,D
29.652,76.653,333.3,1,1,2021-05-01,0810,Aqua,MODIS,35,6.1NRT,311.7,9.5,D
29.678,76.318,335.6,1,1,2021-05-01,0810,Aqua,MODIS,78,6.1NRT,314.7,11.4,D
29.676,76.308,342,1,1,2021-05-01,0810,Aqua,MODIS,86,6.1NRT,316.3,21.8,D
28.821,76.68,340.8,1,1,2021-05-02,0540,Terra,MODIS,84,6.1NRT,314.8,21.2,D
30.618,77.001,326.2,1,1,2021-05-02,0540,Terra,MODIS,68,6.1NRT,307.9,7.5,D
30.409,77.413,328.7,1,1,2021-05-02,0540,Terra,MODIS,74,6.1NRT,306.6,12.7,D
29.865,74.67,332.5,1.1,1,2021-05-02,0540,Terra,MODIS,59,6.1NRT,310.1,11.6,D
29.824,74.697,334,1.1,1,2021-05-02,0540,Terra,MODIS,73,6.1NRT,313.2,11.5,D
29.829,76.273,332,1,1,2021-05-02,0540,Terra,MODIS,75,6.1NRT,310.6,11,D
29.791,76.287,332.7,1,1,2021-05-02,0540,Terra,MODIS,76,6.1NRT,310.2,12.1,D
29.779,75.983,333.3,1,1,2021-05-02,0540,Terra,MODIS,53,6.1NRT,309.6,10.1,D
29.706,76.296,347,1,1,2021-05-02,0540,Terra,MODIS,91,6.1NRT,311.3,34.9,D
29.152,76.046,338.9,1,1,2021-05-02,0540,Terra,MODIS,80,6.1NRT,313.9,17.8,D
29.149,76.066,332.3,1,1,2021-05-02,0540,Terra,MODIS,66,6.1NRT,312.4,8.6,D
29.126,76.229,335.1,1,1,2021-05-02,0540,Terra,MODIS,71,6.1NRT,313.3,10.1,D
29.121,76.197,332.2,1,1,2021-05-02,0540,Terra,MODIS,59,6.1NRT,312.3,7.1,D
28.893,76.122,345.7,1,1,2021-05-02,0540,Terra,MODIS,88,6.1NRT,315.6,28,D
30.085,76.798,324.6,1,1,2021-05-02,0540,Terra,MODIS,63,6.1NRT,303.6,9.9,D
29.571,76.841,333.1,1,1,2021-05-02,0540,Terra,MODIS,78,6.1NRT,308.2,14.8,D
29.561,76.912,328.8,1,1,2021-05-02,0540,Terra,MODIS,71,6.1NRT,306.5,10.9,D
29.483,76.818,330.5,1,1,2021-05-02,0540,Terra,MODIS,74,6.1NRT,310,9.4,D
29.443,76.957,344.7,1,1,2021-05-02,0540,Terra,MODIS,90,6.1NRT,304.3,39.7,D
29.377,76.844,335.6,1,1,2021-05-02,0540,Terra,MODIS,80,6.1NRT,312,15.8,D
29.348,77.037,327.4,1,1,2021-05-02,0540,Terra,MODIS,68,6.1NRT,306.6,9.1,D
29.246,76.917,333.3,1,1,2021-05-02,0540,Terra,MODIS,77,6.1NRT,306.9,15.5,D
29.245,76.927,325.4,1,1,2021-05-02,0540,Terra,MODIS,50,6.1NRT,305.8,5.4,D
29.217,76.863,335.5,1,1,2021-05-02,0540,Terra,MODIS,79,6.1NRT,308.6,17.1,D
29.196,76.943,327.3,1,1,2021-05-02,0540,Terra,MODIS,58,6.1NRT,308.4,7.2,D
29.195,76.953,329.9,1,1,2021-05-02,0540,Terra,MODIS,69,6.1NRT,309.2,10.5,D
29.159,76.821,333,1,1,2021-05-02,0540,Terra,MODIS,75,6.1NRT,312.5,11.7,D
29.152,76.872,328.5,1,1,2021-05-02,0540,Terra,MODIS,65,6.1NRT,308.6,7.2,D
29.03,76.94,330.8,1,1,2021-05-02,0540,Terra,MODIS,69,6.1NRT,311.5,8.8,D
29.008,76.842,336.3,1,1,2021-05-02,0540,Terra,MODIS,79,6.1NRT,311,16.6,D
28.931,76.989,330.4,1,1,2021-05-02,0540,Terra,MODIS,66,6.1NRT,309.6,10,D
28.285,77.469,336.9,1,1,2021-05-02,0540,Terra,MODIS,80,6.1NRT,310.6,18.3,D
30.261,76.606,330.6,1,1,2021-05-02,0540,Terra,MODIS,73,6.1NRT,309,12.6,D
30.072,76.694,328,1,1,2021-05-02,0540,Terra,MODIS,71,6.1NRT,305.8,11,D
30.071,76.705,326.9,1,1,2021-05-02,0540,Terra,MODIS,64,6.1NRT,306,9.5,D
30.015,76.583,336.6,1,1,2021-05-02,0540,Terra,MODIS,83,6.1NRT,308.7,21.2,D
29.705,76.307,332.7,1,1,2021-05-02,0540,Terra,MODIS,76,6.1NRT,310.3,10.5,D
29.631,76.754,331.6,1,1,2021-05-02,0540,Terra,MODIS,76,6.1NRT,310.1,11,D
29.59,76.593,331.1,1,1,2021-05-02,0540,Terra,MODIS,66,6.1NRT,310.4,8.4,D
29.588,76.603,331.6,1,1,2021-05-02,0540,Terra,MODIS,71,6.1NRT,310.7,8.6,D
29.55,76.611,340.5,1,1,2021-05-02,0540,Terra,MODIS,86,6.1NRT,313.5,22.7,D
29.554,76.455,339.7,1,1,2021-05-02,0540,Terra,MODIS,85,6.1NRT,311.2,20.8,D
29.553,76.465,331.6,1,1,2021-05-02,0540,Terra,MODIS,74,6.1NRT,310.9,8.8,D
29.472,76.763,331.3,1,1,2021-05-02,0540,Terra,MODIS,64,6.1NRT,311,10,D
29.37,76.706,332.3,1,1,2021-05-02,0540,Terra,MODIS,63,6.1NRT,310.4,10.9,D
29.08,76.668,337,1,1,2021-05-02,0540,Terra,MODIS,79,6.1NRT,311.6,18,D
29.079,76.679,341.1,1,1,2021-05-02,0540,Terra,MODIS,84,6.1NRT,312,24.6,D
29.096,76.495,340.5,1,1,2021-05-02,0540,Terra,MODIS,83,6.1NRT,313,22.1,D
29.056,76.581,330.6,1,1,2021-05-02,0540,Terra,MODIS,54,6.1NRT,311.3,6.6,D
29.046,76.652,335.6,1,1,2021-05-02,0540,Terra,MODIS,77,6.1NRT,312.1,15.1,D
29.044,76.662,332.3,1,1,2021-05-02,0540,Terra,MODIS,71,6.1NRT,311.9,10.4,D
29.049,76.382,347.4,1,1,2021-05-02,0540,Terra,MODIS,90,6.1NRT,313.7,34,D
28.918,76.642,330.9,1,1,2021-05-02,0540,Terra,MODIS,14,6.1NRT,311.3,9.2,D
28.915,76.663,332.3,1,1,2021-05-02,0540,Terra,MODIS,20,6.1NRT,310.4,9.9,D
28.797,76.711,350.3,1,1,2021-05-02,0540,Terra,MODIS,93,6.1NRT,314,39.6,D
28.667,76.473,335.1,1,1,2021-05-02,0540,Terra,MODIS,63,6.1NRT,314,10.1,D
28.665,76.483,336.8,1,1,2021-05-02,0540,Terra,MODIS,71,6.1NRT,313.8,12.1,D
29.538,76.806,328.4,3.9,1.8,2021-05-03,0620,Terra,MODIS,71,6.1NRT,300,81.3,D
29.529,76.845,325.3,3.9,1.8,2021-05-03,0620,Terra,MODIS,64,6.1NRT,299,56.2,D
28.663,76.48,327.5,3.9,1.8,2021-05-03,0620,Terra,MODIS,42,6.1NRT,303.3,53.7,D
28.656,76.474,328.4,3.9,1.8,2021-05-03,0620,Terra,MODIS,46,6.1NRT,303.4,64.5,D
29.003,76.441,327.8,3.8,1.8,2021-05-03,0620,Terra,MODIS,58,6.1NRT,303.3,56.4,D
29.019,76.446,328.7,3.8,1.8,2021-05-03,0620,Terra,MODIS,62,6.1NRT,302.6,62.9,D
29.01,76.448,333,3.8,1.8,2021-05-03,0620,Terra,MODIS,74,6.1NRT,303.2,100.8,D
29.712,76.271,326.4,3.5,1.8,2021-05-03,0620,Terra,MODIS,67,6.1NRT,301.1,48.4,D
29.728,76.055,328.4,3.4,1.7,2021-05-03,0620,Terra,MODIS,71,6.1NRT,301.4,58.8,D
29.523,76.838,326.8,3.9,1.8,2021-05-03,0620,Terra,MODIS,66,6.1NRT,299.4,70.5,D
29.531,76.8,327.4,3.9,1.8,2021-05-03,0620,Terra,MODIS,67,6.1NRT,300.7,74,D
29.962,76.537,336.5,1.2,1.1,2021-05-03,0755,Aqua,MODIS,79,6.1NRT,310.4,22,D
30.223,77.189,327.6,1.1,1,2021-05-03,0755,Aqua,MODIS,69,6.1NRT,306.6,11.1,D
29.138,76.152,334.2,1.2,1.1,2021-05-03,0755,Aqua,MODIS,67,6.1NRT,311.7,15.4,D
29.039,76.114,338.9,1.3,1.1,2021-05-03,0755,Aqua,MODIS,78,6.1NRT,312.9,25.5,D
29.03,76.117,333.6,1.3,1.1,2021-05-03,0755,Aqua,MODIS,65,6.1NRT,313.5,13.7,D
28.985,76.224,334.8,1.2,1.1,2021-05-03,0755,Aqua,MODIS,63,6.1NRT,315.5,13.9,D
28.94,76.195,337.5,1.2,1.1,2021-05-03,0755,Aqua,MODIS,75,6.1NRT,312.8,21.8,D
28.942,76.208,334.5,1.2,1.1,2021-05-03,0755,Aqua,MODIS,54,6.1NRT,313.1,15.1,D
29.096,75.783,333.1,1.3,1.1,2021-05-03,0755,Aqua,MODIS,63,6.1NRT,313.5,14.5,D
29.095,75.776,333.5,1.3,1.1,2021-05-03,0755,Aqua,MODIS,64,6.1NRT,313.3,13.5,D
29.097,75.789,334.9,1.3,1.1,2021-05-03,0755,Aqua,MODIS,69,6.1NRT,313.6,16.8,D
30.27,76.716,328.9,1.1,1.1,2021-05-03,0755,Aqua,MODIS,68,6.1NRT,308.4,9.6,D
30.112,76.319,334.9,1.2,1.1,2021-05-03,0755,Aqua,MODIS,76,6.1NRT,310.5,16.7,D
29.752,75.467,330.8,1.3,1.1,2021-05-03,0755,Aqua,MODIS,49,6.1NRT,308.8,11.5,D
29.754,75.48,332.3,1.3,1.1,2021-05-03,0755,Aqua,MODIS,60,6.1NRT,309.1,14,D
29.757,75.493,330.4,1.3,1.1,2021-05-03,0755,Aqua,MODIS,46,6.1NRT,309.1,10.7,D
29.73,76.054,333.6,1.2,1.1,2021-05-03,0755,Aqua,MODIS,70,6.1NRT,311.7,15.2,D
29.72,76.056,331.6,1.2,1.1,2021-05-03,0755,Aqua,MODIS,56,6.1NRT,309.8,11.4,D
29.699,76.247,333,1.2,1.1,2021-05-03,0755,Aqua,MODIS,69,6.1NRT,311.1,14.9,D
30.073,76.5,333.6,1.2,1.1,2021-05-03,0755,Aqua,MODIS,74,6.1NRT,311.2,16.3,D
29.616,75.335,333.4,1.3,1.2,2021-05-03,0755,Aqua,MODIS,64,6.1NRT,310.3,15.9,D
30.414,76.767,328.2,1.1,1.1,2021-05-03,0755,Aqua,MODIS,69,6.1NRT,307,10.2,D
28.654,76.462,337,1.2,1.1,2021-05-03,0755,Aqua,MODIS,70,6.1NRT,315.4,17.1,D
28.764,76.375,334.8,1.2,1.1,2021-05-03,0755,Aqua,MODIS,69,6.1NRT,312.7,17.4,D
28.806,76.505,343.1,1.2,1.1,2021-05-03,0755,Aqua,MODIS,84,6.1NRT,315.2,33.3,D
28.818,76.515,338.8,1.2,1.1,2021-05-03,0755,Aqua,MODIS,78,6.1NRT,310.1,23.2,D
28.816,76.503,343,1.2,1.1,2021-05-03,0755,Aqua,MODIS,84,6.1NRT,314.1,32.9,D
28.95,76.69,330.4,1.2,1.1,2021-05-03,0755,Aqua,MODIS,47,6.1NRT,311.2,9.6,D
29.04,76.554,334.8,1.2,1.1,2021-05-03,0755,Aqua,MODIS,63,6.1NRT,313.6,12.9,D
29.038,76.542,338.6,1.2,1.1,2021-05-03,0755,Aqua,MODIS,77,6.1NRT,312.9,19.9,D
29.016,76.409,336.6,1.2,1.1,2021-05-03,0755,Aqua,MODIS,66,6.1NRT,313.6,17.9,D
29.014,76.397,341.6,1.2,1.1,2021-05-03,0755,Aqua,MODIS,82,6.1NRT,314.1,28.6,D
29.042,76.547,334.6,1.2,1.1,2021-05-03,0755,Aqua,MODIS,61,6.1NRT,314,12.5,D
29.04,76.535,333.8,1.2,1.1,2021-05-03,0755,Aqua,MODIS,50,6.1NRT,312.9,10.8,D
29.035,76.386,339.6,1.2,1.1,2021-05-03,0755,Aqua,MODIS,79,6.1NRT,315.3,22.4,D
29.084,76.563,332.6,1.2,1.1,2021-05-03,0755,Aqua,MODIS,49,6.1NRT,312.9,9.7,D
29.088,76.285,334,1.2,1.1,2021-05-03,0755,Aqua,MODIS,61,6.1NRT,314,14.3,D
29.177,76.323,338,1.2,1.1,2021-05-03,0755,Aqua,MODIS,76,6.1NRT,312.5,21.7,D
29.175,76.311,336.5,1.2,1.1,2021-05-03,0755,Aqua,MODIS,73,6.1NRT,313.4,17.9,D
29.184,76.309,338.6,1.2,1.1,2021-05-03,0755,Aqua,MODIS,77,6.1NRT,314.2,23,D
29.316,76.469,333.5,1.2,1.1,2021-05-03,0755,Aqua,MODIS,67,6.1NRT,312.5,13.2,D
29.469,76.59,333.7,1.2,1.1,2021-05-03,0755,Aqua,MODIS,71,6.1NRT,310.1,13.2,D
29.445,76.384,333.7,1.2,1.1,2021-05-03,0755,Aqua,MODIS,69,6.1NRT,311,14.5,D
29.443,76.372,332.2,1.2,1.1,2021-05-03,0755,Aqua,MODIS,64,6.1NRT,311.2,12.2,D
29.682,76.439,331.9,1.2,1.1,2021-05-03,0755,Aqua,MODIS,68,6.1NRT,311.1,13,D
29.805,76.765,337,1.1,1.1,2021-05-03,0755,Aqua,MODIS,80,6.1NRT,309.7,23.1,D
29.979,76.703,334.3,1.1,1.1,2021-05-03,0755,Aqua,MODIS,76,6.1NRT,308.1,18.1,D
29.978,76.691,336,1.1,1.1,2021-05-03,0755,Aqua,MODIS,79,6.1NRT,308.9,21.6,D
29.099,76.25,303,1.4,1.2,2021-05-03,1720,Terra,MODIS,53,6.1NRT,292.7,6.8,N
28.094,77.427,303.9,1.6,1.3,2021-05-03,1720,Terra,MODIS,58,6.1NRT,293.3,9.3,N
29.103,76.241,302.6,1.4,1.2,2021-05-03,1720,Terra,MODIS,50,6.1NRT,292.5,6.3,N
30.262,77.018,320.1,1.2,1.1,2021-05-04,0525,Terra,MODIS,46,6.1NRT,297.5,6.2,D
29.014,76.145,337.1,1.3,1.1,2021-05-04,0525,Terra,MODIS,81,6.1NRT,308.3,25.2,D
28.885,76.21,330,1.2,1.1,2021-05-04,0525,Terra,MODIS,66,6.1NRT,308,10.5,D
29.444,77.037,326.8,1.2,1.1,2021-05-04,0525,Terra,MODIS,62,6.1NRT,302.4,11.9,D
30.268,77.43,324.9,1.1,1.1,2021-05-04,0525,Terra,MODIS,69,6.1NRT,301,12.8,D
30.355,76.666,322.2,1.2,1.1,2021-05-04,0525,Terra,MODIS,42,6.1NRT,294.7,11.1,D
29.453,77.039,325.7,1.2,1.1,2021-05-04,0525,Terra,MODIS,36,6.1NRT,300.2,12.1,D
29.951,77.145,328.6,1.2,1.1,2021-05-04,0525,Terra,MODIS,72,6.1NRT,302.8,16.7,D
29.043,76.893,326.4,1.2,1.1,2021-05-04,0525,Terra,MODIS,52,6.1NRT,299.6,7.8,D
28.725,76.848,338.8,1.2,1.1,2021-05-04,0525,Terra,MODIS,79,6.1NRT,313.3,22,D
30.223,77.067,322.2,1.2,1.1,2021-05-04,0525,Terra,MODIS,46,6.1NRT,297.8,7.3,D
29.069,75.779,329.9,1.3,1.1,2021-05-04,0525,Terra,MODIS,55,6.1NRT,304.7,12.1,D
28.774,76.365,330.7,1.2,1.1,2021-05-04,0525,Terra,MODIS,67,6.1NRT,308.2,10.7,D
28.875,76.374,335.7,1.2,1.1,2021-05-04,0525,Terra,MODIS,73,6.1NRT,313.5,14.9,D
28.908,76.354,339,1.2,1.1,2021-05-04,0525,Terra,MODIS,80,6.1NRT,312.8,22.8,D
29.27,76.643,326.5,1.2,1.1,2021-05-04,0525,Terra,MODIS,42,6.1NRT,296.7,13,D
29.514,76.631,327.9,1.2,1.1,2021-05-04,0525,Terra,MODIS,65,6.1NRT,297.5,14.4,D
29.558,76.524,323.9,1.2,1.1,2021-05-04,0525,Terra,MODIS,46,6.1NRT,289.2,12.8,D
29.856,76.506,332.3,1.2,1.1,2021-05-04,0525,Terra,MODIS,79,6.1NRT,305.9,18.7,D
29.936,76.349,329.7,1.3,1.1,2021-05-04,0525,Terra,MODIS,75,6.1NRT,306.7,13.5,D
29.973,76.709,327.1,1.2,1.1,2021-05-04,0525,Terra,MODIS,70,6.1NRT,304.4,13.1,D
30.327,76.649,326,1.2,1.1,2021-05-04,0525,Terra,MODIS,69,6.1NRT,293.1,20.1,D
29.637,75.874,335.1,1.3,1.1,2021-05-04,0525,Terra,MODIS,82,6.1NRT,307.9,20.5,D
29.636,75.866,334.6,1.3,1.1,2021-05-04,0525,Terra,MODIS,82,6.1NRT,308.1,20,D
29.556,75.43,327.4,1.4,1.2,2021-05-04,0525,Terra,MODIS,51,6.1NRT,301,13.1,D
29.485,74.748,337.2,1.8,1.3,2021-05-04,0840,Aqua,MODIS,80,6.1NRT,310.9,45.7,D
28.835,76.476,332.6,2.4,1.5,2021-05-05,0610,Terra,MODIS,74,6.1NRT,310.2,43.2,D
28.867,76.386,334.8,2.3,1.5,2021-05-05,0610,Terra,MODIS,78,6.1NRT,310.1,51,D
29.1,76.292,329.2,2.3,1.5,2021-05-05,0610,Terra,MODIS,69,6.1NRT,308.4,26.9,D
29.24,76.639,326.6,2.4,1.5,2021-05-05,0610,Terra,MODIS,64,6.1NRT,304.8,24.1,D
29.869,76.698,325.1,2.3,1.5,2021-05-05,0610,Terra,MODIS,70,6.1NRT,301.8,25.8,D
29.866,76.704,325.9,2.3,1.5,2021-05-05,0610,Terra,MODIS,73,6.1NRT,301.8,27.8,D
29.696,75.571,330.6,2,1.4,2021-05-05,0610,Terra,MODIS,74,6.1NRT,309,24.3,D
29.524,74.599,330,1.7,1.3,2021-05-05,0610,Terra,MODIS,66,6.1NRT,309.4,16.6,D
29.547,74.594,333.1,1.7,1.3,2021-05-05,0610,Terra,MODIS,74,6.1NRT,308.5,26.3,D
29.141,76.379,330.9,1.9,1.3,2021-05-05,0745,Aqua,MODIS,62,6.1NRT,310.6,22.2,D
28.843,76.471,330.1,1.9,1.3,2021-05-05,0745,Aqua,MODIS,58,6.1NRT,310.9,18.4,D
29.129,76.124,333.6,1.9,1.4,2021-05-05,0745,Aqua,MODIS,69,6.1NRT,311.5,30.2,D
29.134,76.116,331.5,1.9,1.4,2021-05-05,0745,Aqua,MODIS,63,6.1NRT,311.7,23.8,D
29.328,76.698,331.7,1.7,1.3,2021-05-05,0745,Aqua,MODIS,67,6.1NRT,311,22.1,D
29.332,76.702,330.6,1.7,1.3,2021-05-05,0745,Aqua,MODIS,64,6.1NRT,310.4,18.6,D
29.266,76.608,329.9,1.8,1.3,2021-05-05,0745,Aqua,MODIS,41,6.1NRT,308.1,15.5,D
29.269,76.625,330.3,1.8,1.3,2021-05-05,0745,Aqua,MODIS,52,6.1NRT,308.8,18.3,D
28.337,77.477,343.2,1.6,1.3,2021-05-05,0745,Aqua,MODIS,87,6.1NRT,309.7,53.6,D
29.266,76.737,330.9,1.7,1.3,2021-05-05,0745,Aqua,MODIS,65,6.1NRT,308,22.9,D
29.116,76.791,308.6,1.1,1,2021-05-05,1710,Terra,MODIS,73,6.1NRT,295.6,7.5,N
29.27,76.685,330.9,1.8,1.3,2021-05-06,0515,Terra,MODIS,77,6.1NRT,306.8,30.1,D
29.274,76.698,328.8,1.8,1.3,2021-05-06,0515,Terra,MODIS,73,6.1NRT,306.4,25.3,D
29.007,76.531,330.4,1.9,1.3,2021-05-06,0515,Terra,MODIS,73,6.1NRT,308.2,23.5,D
28.996,76.394,333.9,1.9,1.3,2021-05-06,0515,Terra,MODIS,79,6.1NRT,310.1,32.7,D
29.732,75.762,326.6,2.1,1.4,2021-05-06,0515,Terra,MODIS,70,6.1NRT,306.3,20.8,D
29.18,76.846,327.2,1.8,1.3,2021-05-06,0515,Terra,MODIS,70,6.1NRT,306.4,18.9,D
30.308,76.905,321.4,1.8,1.3,2021-05-06,0515,Terra,MODIS,55,6.1NRT,301.3,14.2,D
30.252,77.232,325.1,1.7,1.3,2021-05-06,0515,Terra,MODIS,69,6.1NRT,301.3,20.4,D
30.327,76.714,324.1,1.9,1.3,2021-05-06,0515,Terra,MODIS,64,6.1NRT,302.1,17.7,D
30.276,76.609,332.4,1.9,1.3,2021-05-06,0515,Terra,MODIS,79,6.1NRT,302.3,45.5,D
30.273,76.648,322.9,1.9,1.3,2021-05-06,0515,Terra,MODIS,60,6.1NRT,302.6,16.9,D
30.282,76.623,325.5,1.9,1.3,2021-05-06,0515,Terra,MODIS,67,6.1NRT,301.8,24,D
30.278,76.662,322.5,1.9,1.3,2021-05-06,0515,Terra,MODIS,58,6.1NRT,302,16.3,D
29.982,76.527,323.8,1.9,1.3,2021-05-06,0515,Terra,MODIS,67,6.1NRT,303.2,19.9,D
29.841,75.119,327.8,1.2,1.1,2021-05-07,0555,Terra,MODIS,63,6.1NRT,307.1,8.5,D
29.637,75.111,328.3,1.2,1.1,2021-05-07,0555,Terra,MODIS,67,6.1NRT,306.9,10.9,D
29.738,75.241,332.5,1.2,1.1,2021-05-07,0555,Terra,MODIS,76,6.1NRT,307.3,18.6,D
29.46,74.824,330.4,1.2,1.1,2021-05-07,0555,Terra,MODIS,70,6.1NRT,306.8,12.9,D
29.541,75.958,335,1.3,1.1,2021-05-07,0555,Terra,MODIS,81,6.1NRT,306.7,26.2,D
29.389,75.114,335.9,1.2,1.1,2021-05-07,0555,Terra,MODIS,80,6.1NRT,308.1,24.6,D
29.517,74.605,330.6,1.1,1.1,2021-05-07,0555,Terra,MODIS,66,6.1NRT,309.9,9.1,D
29.518,74.836,327.8,1.2,1.1,2021-05-07,0555,Terra,MODIS,63,6.1NRT,306.4,8.9,D
29.705,75.5,330.9,1.3,1.1,2021-05-07,0555,Terra,MODIS,75,6.1NRT,306,16.5,D
29.703,75.506,328.2,1.3,1.1,2021-05-07,0555,Terra,MODIS,70,6.1NRT,305.9,11.3,D
29.732,75.733,325,3.2,1.7,2021-05-07,0735,Aqua,MODIS,71,6.1NRT,300.7,46.3,D
29.734,75.737,325.6,3.2,1.7,2021-05-07,0735,Aqua,MODIS,72,6.1NRT,300.7,49,D
29.34,76.906,324.7,1,1,2021-05-07,1655,Terra,MODIS,100,6.1NRT,293.2,22.5,N
29.342,76.917,321.3,1,1,2021-05-07,1655,Terra,MODIS,100,6.1NRT,293.5,18.7,N
29.079,77.073,304.8,1,1,2021-05-07,1655,Terra,MODIS,62,6.1NRT,293.7,5.2,N
29.068,77,304,1,1,2021-05-07,1655,Terra,MODIS,58,6.1NRT,293.5,4.5,N
30.369,77.502,335.3,1,1,2021-05-07,1655,Terra,MODIS,100,6.1NRT,295.9,34.1,N
29.98,76.687,323.3,3,1.7,2021-05-08,0500,Terra,MODIS,69,6.1NRT,302.2,39.9,D
29.989,76.666,331.2,1.1,1,2021-05-08,0815,Aqua,MODIS,48,6.1NRT,310.3,9.9,D
30.248,76.752,333.7,1.1,1,2021-05-08,0815,Aqua,MODIS,77,6.1NRT,310.7,14,D
30.294,76.744,333.1,1.1,1,2021-05-08,0815,Aqua,MODIS,76,6.1NRT,308.2,14.4,D
30.3,76.749,331.6,1.1,1,2021-05-08,0815,Aqua,MODIS,74,6.1NRT,306.5,12.5,D
29.548,74.642,339.7,1,1,2021-05-08,0815,Aqua,MODIS,70,6.1NRT,309.9,20.5,D
29.875,74.607,336.7,1,1,2021-05-08,0815,Aqua,MODIS,66,6.1NRT,315.3,13.6,D
28.721,76.518,335.6,1.1,1,2021-05-08,0815,Aqua,MODIS,79,6.1NRT,313,13,D
28.943,76.522,336,1.1,1,2021-05-08,0815,Aqua,MODIS,79,6.1NRT,314,16.3,D
28.941,76.511,335.3,1.1,1,2021-05-08,0815,Aqua,MODIS,78,6.1NRT,314.8,14.6,D
29.942,76.663,332.3,1.1,1,2021-05-08,0815,Aqua,MODIS,73,6.1NRT,313.4,12.1,D
29.67,76.325,341.8,1.1,1,2021-05-08,0815,Aqua,MODIS,83,6.1NRT,315.9,24.4,D
29.672,76.336,339.8,1.1,1,2021-05-08,0815,Aqua,MODIS,67,6.1NRT,314.3,21.3,D
28.151,77.502,335.3,1.1,1.1,2021-05-08,0815,Aqua,MODIS,65,6.1NRT,313.1,16.8,D
29.621,75.888,342.8,1,1,2021-05-08,0815,Aqua,MODIS,86,6.1NRT,314.8,25.7,D
28.842,76.253,337.3,1,1,2021-05-08,0815,Aqua,MODIS,80,6.1NRT,315.8,14.7,D
29.514,74.82,344.4,1,1,2021-05-09,0545,Terra,MODIS,86,6.1NRT,315.5,26.7,D
29.513,74.83,334.4,1,1,2021-05-09,0545,Terra,MODIS,68,6.1NRT,314.5,11,D
29.479,74.807,337.2,1,1,2021-05-09,0545,Terra,MODIS,75,6.1NRT,314.9,13.5,D
29.473,74.785,332.4,1,1,2021-05-09,0545,Terra,MODIS,47,6.1NRT,313.9,6.3,D
29.412,75.139,335.3,1,1,2021-05-09,0545,Terra,MODIS,70,6.1NRT,316.5,9.2,D
29.569,75.077,335.2,1,1,2021-05-09,0545,Terra,MODIS,72,6.1NRT,315.4,11.9,D
29.57,75.067,334.4,1,1,2021-05-09,0545,Terra,MODIS,70,6.1NRT,314.6,10.7,D
29.614,75.022,338.9,1,1,2021-05-09,0545,Terra,MODIS,79,6.1NRT,314.1,17.2,D
29.921,76.466,333.3,1,1,2021-05-09,0545,Terra,MODIS,77,6.1NRT,309.5,15.2,D
29.54,75.333,331.2,1,1,2021-05-09,0545,Terra,MODIS,56,6.1NRT,312.8,10.3,D
29.691,75.5,335.7,1,1,2021-05-09,0545,Terra,MODIS,75,6.1NRT,313,12.7,D
29.746,75.437,335.3,1,1,2021-05-09,0545,Terra,MODIS,73,6.1NRT,312.9,14.6,D
30.321,76.743,327.4,1,1,2021-05-09,0545,Terra,MODIS,57,6.1NRT,308,7.6,D
29.572,74.61,336.7,1,1,2021-05-09,0545,Terra,MODIS,73,6.1NRT,317.6,10.9,D
29.57,74.621,337.7,1,1,2021-05-09,0545,Terra,MODIS,75,6.1NRT,317.2,12.5,D
29.563,74.735,336.8,1,1,2021-05-09,0545,Terra,MODIS,74,6.1NRT,318,12.7,D
29.578,74.632,337.8,1,1,2021-05-09,0545,Terra,MODIS,76,6.1NRT,316.3,13.4,D
29.886,74.602,330.7,1,1,2021-05-09,0545,Terra,MODIS,51,6.1NRT,312.7,7.9,D
29.543,74.691,333.2,1.2,1.1,2021-05-10,0805,Aqua,MODIS,66,6.1NRT,314.7,14.6,D
30.015,77.024,325,1,1,2021-05-11,0530,Terra,MODIS,64,6.1NRT,303.5,11,D
29.603,77.077,328,1,1,2021-05-11,0530,Terra,MODIS,72,6.1NRT,304.2,12.8,D
29.222,77.102,329.9,1,1,2021-05-11,0530,Terra,MODIS,70,6.1NRT,308.2,10.3,D
29.475,74.852,333.6,1.2,1.1,2021-05-11,0530,Terra,MODIS,52,6.1NRT,308.9,18.3,D
29.468,74.818,331,1.2,1.1,2021-05-11,0530,Terra,MODIS,38,6.1NRT,309.6,11.7,D
29.961,76.253,326.3,1.1,1,2021-05-11,0530,Terra,MODIS,62,6.1NRT,306.3,8.2,D
29.691,76.212,329,1.1,1,2021-05-11,0530,Terra,MODIS,72,6.1NRT,308.8,9.7,D
29.22,77.112,328.1,1,1,2021-05-11,0530,Terra,MODIS,66,6.1NRT,309.1,8,D
29.712,75.615,334.8,1.6,1.2,2021-05-14,0600,Terra,MODIS,77,6.1NRT,309.9,31.3,D
29.869,76.912,327.2,1.9,1.3,2021-05-14,0600,Terra,MODIS,74,6.1NRT,307.1,21.3,D
29.924,77.215,332,1.3,1.1,2021-05-16,0550,Terra,MODIS,73,6.1NRT,310,21.7,D
30.285,77.45,334.8,1.3,1.1,2021-05-16,0550,Terra,MODIS,82,6.1NRT,316.2,21.9,D
29.139,76.93,332,1.3,1.1,2021-05-16,0550,Terra,MODIS,72,6.1NRT,314.3,14.8,D
30.404,77.498,332.5,1,1,2021-05-17,0810,Aqua,MODIS,40,6.1NRT,313.4,13.6,D
30.412,77.486,331.1,1,1,2021-05-17,0810,Aqua,MODIS,41,6.1NRT,314,11.4,D
30.413,77.496,330.3,1,1,2021-05-17,0810,Aqua,MODIS,20,6.1NRT,312.2,11.8,D
30.265,77.47,322.2,2.7,1.6,2021-05-24,0500,Terra,MODIS,62,6.1NRT,303.4,33.5,D
